植物編號,日期,節氣,候別,植物名稱,葉子分數,花的分數,果實分數
0,2022/03/27,春分,第2候,緬梔,2.5,1,1
1,2022/03/27,春分,第2候,小梗木薑子,2.5,1,1
2,2022/03/27,春分,第2候,相思樹,3,1,1
3,2022/03/27,春分,第2候,降真香,3,1,2
4,2022/03/27,春分,第2候,球花嘉賜木,2,1,3
5,2022/03/27,春分,第2候,血桐,3,2,1
6,2022/03/27,春分,第2候,灰木,2,2,1
7,2022/03/27,春分,第2候,狗骨仔,2.5,1,1
8,2022/03/27,春分,第2候,狗骨仔,2.5,2,2
9,2022/03/27,春分,第2候,台灣赤楠,2.5,2,1
10,2022/03/27,春分,第2候,台灣山桂花,2.5,1,3
11,2022/03/27,春分,第2候,細葉饅頭果,2.5,2,1
12,2022/03/27,春分,第2候,球花嘉賜木,2.5,1,1
13,2022/03/27,春分,第2候,相思樹,2.5,1,1
14,2022/03/27,春分,第2候,血桐,2.5,3,1
15,2022/03/27,春分,第2候,萬桃花,2.5,2,3
16,2022/03/27,春分,第2候,山油麻,2.5,2,1
17,2022/03/27,春分,第2候,構樹,2,3,1
18,2022/03/27,春分,第2候,白毛臭牡丹,2.5,2,1
19,2022/03/27,春分,第2候,白匏子,2.5,1,1
20,2022/03/27,春分,第2候,白匏子,2.5,1,1
21,2022/03/27,春分,第2候,苦楝,2,3,1
22,2022/03/27,春分,第2候,狗骨仔,2.5,3,1
23,2022/03/27,春分,第2候,降真香,2.5,1,2
24,2022/03/27,春分,第2候,小錦蘭,2.5,3,1
25,2022/03/27,春分,第2候,雙面刺,2.5,3,1
26,2022/03/27,春分,第2候,大青,2,1,1
27,2022/03/27,春分,第2候,球花嘉賜木,3,1,1
28,2022/03/27,春分,第2候,球花嘉賜木,2.5,1,3
29,2022/03/27,春分,第2候,台灣野茉莉,2,3,1
30,2022/03/27,春分,第2候,對面花,2,2,1
31,2022/03/27,春分,第2候,狗花椒,3,1,1
32,2022/03/27,春分,第2候,毛瓣蝴蝶木,2.5,1,1
0,2022/04/02,春分,第3候,緬梔,2.5,1,1
1,2022/04/02,春分,第3候,小梗木薑子,2.5,1,1
2,2022/04/02,春分,第3候,相思樹,2.5,1,1
3,2022/04/02,春分,第3候,降真香,2.5,2,2
4,2022/04/02,春分,第3候,球花嘉賜木,3,1,2
5,2022/04/02,春分,第3候,血桐,2.5,2,1
6,2022/04/02,春分,第3候,灰木,2,3,1
7,2022/04/02,春分,第3候,狗骨仔,2.5,1,1
8,2022/04/02,春分,第3候,狗骨仔,2.5,2,2
9,2022/04/02,春分,第3候,台灣赤楠,2.5,2,1
10,2022/04/02,春分,第3候,台灣山桂花,2.5,1,3
11,2022/04/02,春分,第3候,細葉饅頭果,2.5,2,1
12,2022/04/02,春分,第3候,球花嘉賜木,2.5,2,1
13,2022/04/02,春分,第3候,相思樹,2.5,1,1
14,2022/04/02,春分,第3候,血桐,2.5,3,1
15,2022/04/02,春分,第3候,萬桃花,2.5,2,3
16,2022/04/02,春分,第3候,山油麻,2.5,2,1
17,2022/04/02,春分,第3候,構樹,2,3,1
18,2022/04/02,春分,第3候,白毛臭牡丹,2.5,2,1
19,2022/04/02,春分,第3候,白匏子,2.5,1,1
20,2022/04/02,春分,第3候,白匏子,2.5,1,1
21,2022/04/02,春分,第3候,苦楝,2.5,3,1
22,2022/04/02,春分,第3候,狗骨仔,#N/A,#N/A,#N/A
23,2022/04/02,春分,第3候,降真香,2.5,1,2
24,2022/04/02,春分,第3候,小錦蘭,2.5,3,1
25,2022/04/02,春分,第3候,雙面刺,2.5,3,1
26,2022/04/02,春分,第3候,大青,2.5,1,1
27,2022/04/02,春分,第3候,球花嘉賜木,3,1,1
28,2022/04/02,春分,第3候,球花嘉賜木,3,1,3
29,2022/04/02,春分,第3候,台灣野茉莉,2.5,3,1
30,2022/04/02,春分,第3候,對面花,2.5,2,1
31,2022/04/02,春分,第3候,狗花椒,2.5,1,1
32,2022/04/02,春分,第3候,毛瓣蝴蝶木,2.5,1,1
0,2022/04/10,清明,第2候,緬梔,2.5,1,1
1,2022/04/10,清明,第2候,小梗木薑子,2.5,1,1
2,2022/04/10,清明,第2候,相思樹,2.5,1,1
3,2022/04/10,清明,第2候,降真香,2.5,1,2
4,2022/04/10,清明,第2候,球花嘉賜木,2,1,2
5,2022/04/10,清明,第2候,血桐,3,3,1
6,2022/04/10,清明,第2候,灰木,2.5,3,1
7,2022/04/10,清明,第2候,狗骨仔,2.5,1,1
8,2022/04/10,清明,第2候,狗骨仔,2.5,2,2
9,2022/04/10,清明,第2候,台灣赤楠,2.5,2,1
10,2022/04/10,清明,第2候,台灣山桂花,2.5,1,3
11,2022/04/10,清明,第2候,細葉饅頭果,2.5,2,2
12,2022/04/10,清明,第2候,球花嘉賜木,2.5,1,1
13,2022/04/10,清明,第2候,相思樹,2.5,1,1
14,2022/04/10,清明,第2候,血桐,2.5,3,1
15,2022/04/10,清明,第2候,萬桃花,2.5,3,3
16,2022/04/10,清明,第2候,山油麻,2.5,3,1
17,2022/04/10,清明,第2候,構樹,2.5,3,1
18,2022/04/10,清明,第2候,白毛臭牡丹,2.5,3,1
19,2022/04/10,清明,第2候,白匏子,2.5,1,1
20,2022/04/10,清明,第2候,白匏子,2.5,1,1
21,2022/04/10,清明,第2候,苦楝,2.5,1,1
22,2022/04/10,清明,第2候,狗骨仔,2.5,2,1
23,2022/04/10,清明,第2候,降真香,2.5,1,2
24,2022/04/10,清明,第2候,小錦蘭,2.5,1,1
25,2022/04/10,清明,第2候,雙面刺,2.5,3,3
26,2022/04/10,清明,第2候,大青,2.5,1,1
27,2022/04/10,清明,第2候,球花嘉賜木,2.5,1,1
28,2022/04/10,清明,第2候,球花嘉賜木,2.5,1,3
29,2022/04/10,清明,第2候,台灣野茉莉,2.5,2,3
30,2022/04/10,清明,第2候,對面花,2.5,2,1
31,2022/04/10,清明,第2候,狗花椒,2.5,1,1
32,2022/04/10,清明,第2候,毛瓣蝴蝶木,2.5,1,1
0,2022/04/17,清明,第3候,緬梔,2.5,1,1
1,2022/04/17,清明,第3候,小梗木薑子,2.5,1,1
2,2022/04/17,清明,第3候,相思樹,2.5,1,1
3,2022/04/17,清明,第3候,降真香,2.5,2,2
4,2022/04/17,清明,第3候,球花嘉賜木,2,1,1
5,2022/04/17,清明,第3候,血桐,2.5,3,1
6,2022/04/17,清明,第3候,灰木,2.5,2,1
7,2022/04/17,清明,第3候,狗骨仔,2.5,1,1
8,2022/04/17,清明,第3候,狗骨仔,2.5,2,2
9,2022/04/17,清明,第3候,台灣赤楠,2.5,3,1
10,2022/04/17,清明,第3候,台灣山桂花,2.5,1,3
11,2022/04/17,清明,第3候,細葉饅頭果,2.5,2,1
12,2022/04/17,清明,第3候,球花嘉賜木,2.5,1,1
13,2022/04/17,清明,第3候,相思樹,2.5,1,1
14,2022/04/17,清明,第3候,血桐,2.5,3,1
15,2022/04/17,清明,第3候,萬桃花,2.5,3,3
16,2022/04/17,清明,第3候,山油麻,2.5,3,1
17,2022/04/17,清明,第3候,構樹,2.5,3,1
18,2022/04/17,清明,第3候,白毛臭牡丹,2.5,3,1
19,2022/04/17,清明,第3候,白匏子,2.5,1,1
20,2022/04/17,清明,第3候,白匏子,2.5,1,1
21,2022/04/17,清明,第3候,苦楝,2.5,1,1
22,2022/04/17,清明,第3候,狗骨仔,2.5,1,1
23,2022/04/17,清明,第3候,降真香,2.5,1,2
24,2022/04/17,清明,第3候,小錦蘭,2.5,1,1
25,2022/04/17,清明,第3候,雙面刺,2.5,1,3
26,2022/04/17,清明,第3候,大青,2.5,1,1
27,2022/04/17,清明,第3候,球花嘉賜木,2.5,1,1
28,2022/04/17,清明,第3候,球花嘉賜木,2.5,1,2
29,2022/04/17,清明,第3候,台灣野茉莉,2.5,1,3
30,2022/04/17,清明,第3候,對面花,2.5,2,1
31,2022/04/17,清明,第3候,狗花椒,2.5,1,1
32,2022/04/17,清明,第3候,毛瓣蝴蝶木,2.5,2,1
33,2022/04/17,清明,第3候,狗花椒,2.5,1,1
34,2022/04/17,清明,第3候,狗花椒,2.5,2,2
35,2022/04/17,清明,第3候,羊角藤,2.5,2,1
0,2022/04/24,穀雨,第1候,緬梔,2.5,2,1
1,2022/04/24,穀雨,第1候,小梗木薑子,2.5,1,1
2,2022/04/24,穀雨,第1候,相思樹,2.5,1,1
3,2022/04/24,穀雨,第1候,降真香,2.5,2,1
4,2022/04/24,穀雨,第1候,球花嘉賜木,2,1,1
5,2022/04/24,穀雨,第1候,血桐,2.5,2,1
6,2022/04/24,穀雨,第1候,灰木,2.5,1,2
7,2022/04/24,穀雨,第1候,狗骨仔,2.5,1,1
8,2022/04/24,穀雨,第1候,狗骨仔,2.5,1,1
9,2022/04/24,穀雨,第1候,台灣赤楠,2.5,2,1
10,2022/04/24,穀雨,第1候,台灣山桂花,2.5,1,3
11,2022/04/24,穀雨,第1候,細葉饅頭果,2.5,1,2
12,2022/04/24,穀雨,第1候,球花嘉賜木,2.5,1,1
13,2022/04/24,穀雨,第1候,相思樹,2.5,1,1
14,2022/04/24,穀雨,第1候,血桐,2.5,3,1
15,2022/04/24,穀雨,第1候,萬桃花,2.5,3,3
16,2022/04/24,穀雨,第1候,山油麻,2.5,3,1
17,2022/04/24,穀雨,第1候,構樹,2.5,3,1
18,2022/04/24,穀雨,第1候,白毛臭牡丹,2.5,3,1
19,2022/04/24,穀雨,第1候,白匏子,2.5,1,1
20,2022/04/24,穀雨,第1候,白匏子,2.5,1,1
21,2022/04/24,穀雨,第1候,苦楝,2.5,1,1
22,2022/04/24,穀雨,第1候,狗骨仔,#N/A,#N/A,#N/A
23,2022/04/24,穀雨,第1候,降真香,#N/A,#N/A,#N/A
24,2022/04/24,穀雨,第1候,小錦蘭,2.5,1,1
25,2022/04/24,穀雨,第1候,雙面刺,2.5,1,3
26,2022/04/24,穀雨,第1候,大青,2.5,1,1
27,2022/04/24,穀雨,第1候,球花嘉賜木,2.5,1,1
28,2022/04/24,穀雨,第1候,球花嘉賜木,2.5,1,2
29,2022/04/24,穀雨,第1候,台灣野茉莉,2.5,1,3
30,2022/04/24,穀雨,第1候,對面花,2.5,3,1
31,2022/04/24,穀雨,第1候,狗花椒,#N/A,#N/A,#N/A
32,2022/04/24,穀雨,第1候,毛瓣蝴蝶木,2.5,2,1
33,2022/04/24,穀雨,第1候,狗花椒,#N/A,#N/A,#N/A
34,2022/04/24,穀雨,第1候,狗花椒,#N/A,#N/A,#N/A
35,2022/04/24,穀雨,第1候,羊角藤,#N/A,#N/A,#N/A
0,2022/05/02,穀雨,第3候,緬梔,2.5,2,1
1,2022/05/02,穀雨,第3候,小梗木薑子,2.5,1,1
2,2022/05/02,穀雨,第3候,相思樹,2.5,1,1
3,2022/05/02,穀雨,第3候,降真香,2.5,2,2
4,2022/05/02,穀雨,第3候,球花嘉賜木,2.5,1,1
5,2022/05/02,穀雨,第3候,血桐,2.5,1,3
6,2022/05/02,穀雨,第3候,灰木,2.5,1,2
7,2022/05/02,穀雨,第3候,狗骨仔,2.5,1,1
8,2022/05/02,穀雨,第3候,狗骨仔,2.5,1,1
9,2022/05/02,穀雨,第3候,台灣赤楠,2.5,2,2
10,2022/05/02,穀雨,第3候,台灣山桂花,2.5,1,3
11,2022/05/02,穀雨,第3候,細葉饅頭果,2.5,1,2
12,2022/05/02,穀雨,第3候,球花嘉賜木,2.5,1,1
13,2022/05/02,穀雨,第3候,相思樹,2.5,3,1
14,2022/05/02,穀雨,第3候,血桐,2.5,1,3
15,2022/05/02,穀雨,第3候,萬桃花,2.5,3,3
16,2022/05/02,穀雨,第3候,山油麻,2.5,3,2
17,2022/05/02,穀雨,第3候,構樹,2.5,3,3
18,2022/05/02,穀雨,第3候,白毛臭牡丹,2.5,3,3
19,2022/05/02,穀雨,第3候,白匏子,2.5,1,1
20,2022/05/02,穀雨,第3候,白匏子,2.5,1,1
21,2022/05/02,穀雨,第3候,苦楝,2.5,2,1
22,2022/05/02,穀雨,第3候,狗骨仔,2.5,2,1
23,2022/05/02,穀雨,第3候,降真香,2.5,2,2
24,2022/05/02,穀雨,第3候,小錦蘭,2.5,1,1
25,2022/05/02,穀雨,第3候,雙面刺,2.5,1,3
26,2022/05/02,穀雨,第3候,大青,2.5,1,1
27,2022/05/02,穀雨,第3候,球花嘉賜木,2.5,1,1
28,2022/05/02,穀雨,第3候,球花嘉賜木,2.5,1,2
29,2022/05/02,穀雨,第3候,台灣野茉莉,2.5,1,3
30,2022/05/02,穀雨,第3候,對面花,2.5,3,1
31,2022/05/02,穀雨,第3候,狗花椒,2.5,1,1
32,2022/05/02,穀雨,第3候,毛瓣蝴蝶木,2.5,2,1
33,2022/05/02,穀雨,第3候,狗花椒,2.5,1,1
34,2022/05/02,穀雨,第3候,狗花椒,2.5,1,1
35,2022/05/02,穀雨,第3候,羊角藤,2.5,2,1
0,2022/05/15,立夏,第3候,緬梔,2.5,3,1
1,2022/05/15,立夏,第3候,小梗木薑子,2.5,1,1
2,2022/05/15,立夏,第3候,相思樹,2.5,1,1
3,2022/05/15,立夏,第3候,降真香,2.5,3,2
4,2022/05/15,立夏,第3候,球花嘉賜木,2.5,1,1
5,2022/05/15,立夏,第3候,血桐,2.5,1,3
6,2022/05/15,立夏,第3候,灰木,2.5,2,2
7,2022/05/15,立夏,第3候,狗骨仔,2.5,1,1
8,2022/05/15,立夏,第3候,狗骨仔,2.5,1,2
9,2022/05/15,立夏,第3候,台灣赤楠,2.5,1,2
10,2022/05/15,立夏,第3候,台灣山桂花,2.5,1,3
11,2022/05/15,立夏,第3候,細葉饅頭果,2.5,1,1
12,2022/05/15,立夏,第3候,球花嘉賜木,2.5,1,1
13,2022/05/15,立夏,第3候,相思樹,2.5,2,1
14,2022/05/15,立夏,第3候,血桐,2.5,1,2
15,2022/05/15,立夏,第3候,萬桃花,2.5,3,3
16,2022/05/15,立夏,第3候,山油麻,2.5,3,3
17,2022/05/15,立夏,第3候,構樹,2.5,1,3
18,2022/05/15,立夏,第3候,白毛臭牡丹,2.5,2,3
19,2022/05/15,立夏,第3候,白匏子,2.5,1,1
20,2022/05/15,立夏,第3候,白匏子,2.5,2,1
21,2022/05/15,立夏,第3候,苦楝,2.5,1,3
22,2022/05/15,立夏,第3候,狗骨仔,2.5,1,2
23,2022/05/15,立夏,第3候,降真香,2.5,2,1
24,2022/05/15,立夏,第3候,小錦蘭,2.5,1,1
25,2022/05/15,立夏,第3候,雙面刺,3,1,3
26,2022/05/15,立夏,第3候,大青,2.5,1,1
27,2022/05/15,立夏,第3候,球花嘉賜木,2.5,1,1
28,2022/05/15,立夏,第3候,球花嘉賜木,2.5,1,1
29,2022/05/15,立夏,第3候,台灣野茉莉,2.5,1,3
30,2022/05/15,立夏,第3候,對面花,2.5,2,1
31,2022/05/15,立夏,第3候,狗花椒,2.5,1,1
32,2022/05/15,立夏,第3候,毛瓣蝴蝶木,2.5,2,1
33,2022/05/15,立夏,第3候,狗花椒,2.5,1,1
34,2022/05/15,立夏,第3候,狗花椒,2.5,1,1
35,2022/05/15,立夏,第3候,羊角藤,2.5,2,1
0,2022/05/24,小滿,第1候,緬梔,2.5,3,1
1,2022/05/24,小滿,第1候,小梗木薑子,2.5,1,1
2,2022/05/24,小滿,第1候,相思樹,3,1,1
3,2022/05/24,小滿,第1候,降真香,2.5,3,2
4,2022/05/24,小滿,第1候,球花嘉賜木,2.5,1,1
5,2022/05/24,小滿,第1候,血桐,2.5,1,3
6,2022/05/24,小滿,第1候,灰木,2.5,1,2
7,2022/05/24,小滿,第1候,狗骨仔,2.5,1,1
8,2022/05/24,小滿,第1候,狗骨仔,2.5,1,2
9,2022/05/24,小滿,第1候,台灣赤楠,2.5,1,2
10,2022/05/24,小滿,第1候,台灣山桂花,2.5,1,3
11,2022/05/24,小滿,第1候,細葉饅頭果,3,1,1
12,2022/05/24,小滿,第1候,球花嘉賜木,2.5,1,1
13,2022/05/24,小滿,第1候,相思樹,2.5,2,1
14,2022/05/24,小滿,第1候,血桐,2.5,1,2
15,2022/05/24,小滿,第1候,萬桃花,2.5,3,3
16,2022/05/24,小滿,第1候,山油麻,2.5,3,3
17,2022/05/24,小滿,第1候,構樹,2.5,1,3
18,2022/05/24,小滿,第1候,白毛臭牡丹,2.5,2,3
19,2022/05/24,小滿,第1候,白匏子,2.5,1,1
20,2022/05/24,小滿,第1候,白匏子,2.5,2,1
21,2022/05/24,小滿,第1候,苦楝,2.5,1,3
22,2022/05/24,小滿,第1候,狗骨仔,2.5,1,2
23,2022/05/24,小滿,第1候,降真香,2.5,2,2
24,2022/05/24,小滿,第1候,小錦蘭,2.5,1,1
25,2022/05/24,小滿,第1候,雙面刺,3,1,3
26,2022/05/24,小滿,第1候,大青,2.5,1,1
27,2022/05/24,小滿,第1候,球花嘉賜木,2.5,1,1
28,2022/05/24,小滿,第1候,球花嘉賜木,2.5,1,1
29,2022/05/24,小滿,第1候,台灣野茉莉,2.5,1,3
30,2022/05/24,小滿,第1候,對面花,2.5,1,1
31,2022/05/24,小滿,第1候,狗花椒,2.5,1,1
32,2022/05/24,小滿,第1候,毛瓣蝴蝶木,2.5,2,1
33,2022/05/24,小滿,第1候,狗花椒,2.5,1,1
34,2022/05/24,小滿,第1候,狗花椒,2.5,1,1
35,2022/05/24,小滿,第1候,羊角藤,2.5,3,1
0,2022/06/05,小滿,第3候,緬梔,2.5,3,1
1,2022/06/05,小滿,第3候,小梗木薑子,2.5,1,1
2,2022/06/05,小滿,第3候,相思樹,3,1,1
3,2022/06/05,小滿,第3候,降真香,2.5,3,1
4,2022/06/05,小滿,第3候,球花嘉賜木,2.5,1,1
5,2022/06/05,小滿,第3候,血桐,2.5,1,3
6,2022/06/05,小滿,第3候,灰木,2.5,1,2
7,2022/06/05,小滿,第3候,狗骨仔,2.5,1,1
8,2022/06/05,小滿,第3候,狗骨仔,2.5,1,2
9,2022/06/05,小滿,第3候,台灣赤楠,2.5,1,1
10,2022/06/05,小滿,第3候,台灣山桂花,2.5,1,3
11,2022/06/05,小滿,第3候,細葉饅頭果,3,1,1
12,2022/06/05,小滿,第3候,球花嘉賜木,2.5,1,1
13,2022/06/05,小滿,第3候,相思樹,2.5,1,2
14,2022/06/05,小滿,第3候,血桐,2.5,1,1
15,2022/06/05,小滿,第3候,萬桃花,2.5,2,3
16,2022/06/05,小滿,第3候,山油麻,2.5,2,3
17,2022/06/05,小滿,第3候,構樹,2.5,2,3
18,2022/06/05,小滿,第3候,白毛臭牡丹,2.5,2,3
19,2022/06/05,小滿,第3候,白匏子,2.5,1,1
20,2022/06/05,小滿,第3候,白匏子,2.5,2,1
21,2022/06/05,小滿,第3候,苦楝,2.5,1,2
22,2022/06/05,小滿,第3候,狗骨仔,2.5,1.5,1
23,2022/06/05,小滿,第3候,降真香,2.5,2,1
24,2022/06/05,小滿,第3候,小錦蘭,2.5,1,1
25,2022/06/05,小滿,第3候,雙面刺,2.5,1,3
26,2022/06/05,小滿,第3候,大青,2.5,2,1
27,2022/06/05,小滿,第3候,球花嘉賜木,2.5,1,1
28,2022/06/05,小滿,第3候,球花嘉賜木,2.5,1,1
29,2022/06/05,小滿,第3候,台灣野茉莉,2.5,1,3
30,2022/06/05,小滿,第3候,對面花,2.5,1,1
31,2022/06/05,小滿,第3候,狗花椒,2.5,2,1
32,2022/06/05,小滿,第3候,毛瓣蝴蝶木,2.5,2,1
33,2022/06/05,小滿,第3候,狗花椒,2.5,1,1
34,2022/06/05,小滿,第3候,狗花椒,2.5,1,1
35,2022/06/05,小滿,第3候,羊角藤,2.5,3,1
0,2022/06/19,芒種,第3候,緬梔,2.5,3,1
1,2022/06/19,芒種,第3候,小梗木薑子,2.5,1,1
2,2022/06/19,芒種,第3候,相思樹,2.5,1,1
3,2022/06/19,芒種,第3候,降真香,2.5,2,1
4,2022/06/19,芒種,第3候,球花嘉賜木,2.5,1,1
5,2022/06/19,芒種,第3候,血桐,2.5,1,3
6,2022/06/19,芒種,第3候,灰木,2.5,1,2
7,2022/06/19,芒種,第3候,狗骨仔,2.5,1,1
8,2022/06/19,芒種,第3候,狗骨仔,2.5,1,2
9,2022/06/19,芒種,第3候,台灣赤楠,2.5,1,1
10,2022/06/19,芒種,第3候,台灣山桂花,2.5,1,3
11,2022/06/19,芒種,第3候,細葉饅頭果,2.5,1,1
12,2022/06/19,芒種,第3候,球花嘉賜木,2.5,1,1
13,2022/06/19,芒種,第3候,相思樹,2.5,2,2
14,2022/06/19,芒種,第3候,血桐,2.5,1,1
15,2022/06/19,芒種,第3候,萬桃花,2.5,2,3
16,2022/06/19,芒種,第3候,山油麻,2.5,2,3
17,2022/06/19,芒種,第3候,構樹,2.5,1,3
18,2022/06/19,芒種,第3候,白毛臭牡丹,2.5,1,3
19,2022/06/19,芒種,第3候,白匏子,2.5,1,1
20,2022/06/19,芒種,第3候,白匏子,2.5,2,1
21,2022/06/19,芒種,第3候,苦楝,2.5,1,2
22,2022/06/19,芒種,第3候,狗骨仔,2.5,1.5,1
23,2022/06/19,芒種,第3候,降真香,2.5,3,1
24,2022/06/19,芒種,第3候,小錦蘭,2.5,1,1
25,2022/06/19,芒種,第3候,雙面刺,3,1,3
26,2022/06/19,芒種,第3候,大青,2.5,2,1
27,2022/06/19,芒種,第3候,球花嘉賜木,2.5,1,1
28,2022/06/19,芒種,第3候,球花嘉賜木,2.5,1,1
29,2022/06/19,芒種,第3候,台灣野茉莉,2.5,1,3
30,2022/06/19,芒種,第3候,對面花,2,1,1
31,2022/06/19,芒種,第3候,狗花椒,2.5,2,1
32,2022/06/19,芒種,第3候,毛瓣蝴蝶木,3,1,1
33,2022/06/19,芒種,第3候,狗花椒,2.5,1,1
34,2022/06/19,芒種,第3候,狗花椒,2.5,2,1
35,2022/06/19,芒種,第3候,羊角藤,2.5,2,1
0,2022/06/26,夏至,第2候,緬梔,2.5,3,1
1,2022/06/26,夏至,第2候,小梗木薑子,2.5,1,1
2,2022/06/26,夏至,第2候,相思樹,2.5,1,1
3,2022/06/26,夏至,第2候,降真香,2.5,3,1
4,2022/06/26,夏至,第2候,球花嘉賜木,2.5,1,1
5,2022/06/26,夏至,第2候,血桐,2.5,1,3
6,2022/06/26,夏至,第2候,灰木,2.5,1,2
7,2022/06/26,夏至,第2候,狗骨仔,2.5,1,1
8,2022/06/26,夏至,第2候,狗骨仔,2.5,1,2
9,2022/06/26,夏至,第2候,台灣赤楠,2.5,1,1
10,2022/06/26,夏至,第2候,台灣山桂花,2.5,1,3
11,2022/06/26,夏至,第2候,細葉饅頭果,2.5,1,1
12,2022/06/26,夏至,第2候,球花嘉賜木,2.5,1,1
13,2022/06/26,夏至,第2候,相思樹,2.5,2,2
14,2022/06/26,夏至,第2候,血桐,2.5,1,1
15,2022/06/26,夏至,第2候,萬桃花,2.5,3,3
16,2022/06/26,夏至,第2候,山油麻,2.5,3,3
17,2022/06/26,夏至,第2候,構樹,2.5,1,3
18,2022/06/26,夏至,第2候,白毛臭牡丹,#N/A,#N/A,#N/A
19,2022/06/26,夏至,第2候,白匏子,2.5,1,1
20,2022/06/26,夏至,第2候,白匏子,2.5,2,1
21,2022/06/26,夏至,第2候,苦楝,2.5,1,2
22,2022/06/26,夏至,第2候,狗骨仔,2.5,1.5,1
23,2022/06/26,夏至,第2候,降真香,2.5,3,1
24,2022/06/26,夏至,第2候,小錦蘭,2.5,1,1
25,2022/06/26,夏至,第2候,雙面刺,3,1,3
26,2022/06/26,夏至,第2候,大青,2.5,2,1
27,2022/06/26,夏至,第2候,球花嘉賜木,2.5,1,1
28,2022/06/26,夏至,第2候,球花嘉賜木,2.5,1,1
29,2022/06/26,夏至,第2候,台灣野茉莉,2.5,1,3
30,2022/06/26,夏至,第2候,對面花,2,1,1
31,2022/06/26,夏至,第2候,狗花椒,2.5,2,1
32,2022/06/26,夏至,第2候,毛瓣蝴蝶木,2.5,1,1
33,2022/06/26,夏至,第2候,狗花椒,2.5,1,1
34,2022/06/26,夏至,第2候,狗花椒,2.5,2,1
35,2022/06/26,夏至,第2候,羊角藤,2.5,2,1
0,2022/07/10,小暑,第1候,緬梔,2.5,3,1
1,2022/07/10,小暑,第1候,小梗木薑子,2.5,1,1
2,2022/07/10,小暑,第1候,相思樹,2.5,1,1
3,2022/07/10,小暑,第1候,降真香,2.5,3,2
4,2022/07/10,小暑,第1候,球花嘉賜木,2.5,1,1
5,2022/07/10,小暑,第1候,血桐,2.5,1,2
6,2022/07/10,小暑,第1候,灰木,2.5,1,2
7,2022/07/10,小暑,第1候,狗骨仔,2.5,1,1
8,2022/07/10,小暑,第1候,狗骨仔,2.5,1,2
9,2022/07/10,小暑,第1候,台灣赤楠,2.5,1,1
10,2022/07/10,小暑,第1候,台灣山桂花,2.5,1,3
11,2022/07/10,小暑,第1候,細葉饅頭果,2.5,1,1
12,2022/07/10,小暑,第1候,球花嘉賜木,2.5,1,1
13,2022/07/10,小暑,第1候,相思樹,2.5,2,1
14,2022/07/10,小暑,第1候,血桐,2.5,2,1
15,2022/07/10,小暑,第1候,萬桃花,2.5,3,3
16,2022/07/10,小暑,第1候,山油麻,2.5,3,3
17,2022/07/10,小暑,第1候,構樹,2.5,1,3
18,2022/07/10,小暑,第1候,白毛臭牡丹,#N/A,#N/A,#N/A
19,2022/07/10,小暑,第1候,白匏子,2.5,1,1
20,2022/07/10,小暑,第1候,白匏子,2.5,2,1
21,2022/07/10,小暑,第1候,苦楝,2.5,1,2
22,2022/07/10,小暑,第1候,狗骨仔,2.5,1.5,1
23,2022/07/10,小暑,第1候,降真香,2.5,3,3
24,2022/07/10,小暑,第1候,小錦蘭,2.5,1,1
25,2022/07/10,小暑,第1候,雙面刺,3,1,3
26,2022/07/10,小暑,第1候,大青,3,3,1
27,2022/07/10,小暑,第1候,球花嘉賜木,2.5,1,1
28,2022/07/10,小暑,第1候,球花嘉賜木,2.5,1,1
29,2022/07/10,小暑,第1候,台灣野茉莉,2.5,1,3
30,2022/07/10,小暑,第1候,對面花,2,1,1
31,2022/07/10,小暑,第1候,狗花椒,2.5,3,1
32,2022/07/10,小暑,第1候,毛瓣蝴蝶木,3,1,1
33,2022/07/10,小暑,第1候,狗花椒,2.5,2,1
34,2022/07/10,小暑,第1候,狗花椒,2.5,3,1
35,2022/07/10,小暑,第1候,羊角藤,2.5,3,1
36,2022/07/10,小暑,第1候,朴樹,2.5,1,3
0,2022/07/23,大暑,第1候,緬梔,2.5,3,1
1,2022/07/23,大暑,第1候,小梗木薑子,2.5,1.5,1
2,2022/07/23,大暑,第1候,相思樹,2.5,1,1
3,2022/07/23,大暑,第1候,降真香,2.5,3,2
4,2022/07/23,大暑,第1候,球花嘉賜木,2.5,1,1
5,2022/07/23,大暑,第1候,血桐,2.5,1,2
6,2022/07/23,大暑,第1候,灰木,2.5,1,2
7,2022/07/23,大暑,第1候,狗骨仔,2.5,1,1
8,2022/07/23,大暑,第1候,狗骨仔,2.5,1,2
9,2022/07/23,大暑,第1候,台灣赤楠,2.5,1,1
10,2022/07/23,大暑,第1候,台灣山桂花,2.5,1,3
11,2022/07/23,大暑,第1候,細葉饅頭果,2.5,1,1
12,2022/07/23,大暑,第1候,球花嘉賜木,2.5,1,1
13,2022/07/23,大暑,第1候,相思樹,2.5,2,1
14,2022/07/23,大暑,第1候,血桐,2.5,2,1
15,2022/07/23,大暑,第1候,萬桃花,2.5,2,3
16,2022/07/23,大暑,第1候,山油麻,2.5,3,3
17,2022/07/23,大暑,第1候,構樹,2.5,2,3
18,2022/07/23,大暑,第1候,白毛臭牡丹,#N/A,#N/A,#N/A
19,2022/07/23,大暑,第1候,白匏子,2.5,1,1
20,2022/07/23,大暑,第1候,白匏子,2.5,2,1
21,2022/07/23,大暑,第1候,苦楝,2.5,1,2
22,2022/07/23,大暑,第1候,狗骨仔,2.5,1.5,1
23,2022/07/23,大暑,第1候,降真香,2.5,2,3
24,2022/07/23,大暑,第1候,小錦蘭,2.5,1,1
25,2022/07/23,大暑,第1候,雙面刺,2.5,1,3
26,2022/07/23,大暑,第1候,大青,3,3,3
27,2022/07/23,大暑,第1候,球花嘉賜木,2.5,1,1
28,2022/07/23,大暑,第1候,球花嘉賜木,2.5,1,1
29,2022/07/23,大暑,第1候,台灣野茉莉,2.5,1,3
30,2022/07/23,大暑,第1候,對面花,2,1,1
31,2022/07/23,大暑,第1候,狗花椒,2.5,3,1
32,2022/07/23,大暑,第1候,毛瓣蝴蝶木,2.5,1,1
33,2022/07/23,大暑,第1候,狗花椒,2.5,3,1
34,2022/07/23,大暑,第1候,狗花椒,2.5,3,1
35,2022/07/23,大暑,第1候,羊角藤,2.5,3,1
36,2022/07/23,大暑,第1候,朴樹,2.5,1,3
0,2022/08/07,立秋,第1候,緬梔,2.5,3,1
1,2022/08/07,立秋,第1候,小梗木薑子,2.5,1.5,1
2,2022/08/07,立秋,第1候,相思樹,2.5,1,1
3,2022/08/07,立秋,第1候,降真香,2.5,3,2
4,2022/08/07,立秋,第1候,球花嘉賜木,2.5,1,1
5,2022/08/07,立秋,第1候,血桐,3,1,1
6,2022/08/07,立秋,第1候,灰木,3,1,2
7,2022/08/07,立秋,第1候,狗骨仔,2.5,1,1
8,2022/08/07,立秋,第1候,狗骨仔,2.5,1,2
9,2022/08/07,立秋,第1候,台灣赤楠,2.5,1,1
10,2022/08/07,立秋,第1候,台灣山桂花,2.5,1,2
11,2022/08/07,立秋,第1候,細葉饅頭果,2.5,1,1
12,2022/08/07,立秋,第1候,球花嘉賜木,2.5,1,1
13,2022/08/07,立秋,第1候,相思樹,2.5,1,1
14,2022/08/07,立秋,第1候,血桐,2.5,1,1
14之1,2022/08/07,立秋,第1候,狗骨仔,2.5,1.5,3
15,2022/08/07,立秋,第1候,萬桃花,2.5,2,3
16,2022/08/07,立秋,第1候,山油麻,2.5,3,3
17,2022/08/07,立秋,第1候,構樹,2.5,1,1
18,2022/08/07,立秋,第1候,白毛臭牡丹,#N/A,#N/A,#N/A
19,2022/08/07,立秋,第1候,白匏子,2.5,1,1
20,2022/08/07,立秋,第1候,白匏子,2.5,2,1
21,2022/08/07,立秋,第1候,苦楝,3,1,2
21之1,2022/08/07,立秋,第1候,白毛臭牡丹,2.5,1,2
22,2022/08/07,立秋,第1候,狗骨仔,2.5,1.5,1
23,2022/08/07,立秋,第1候,降真香,2.5,3,3
24,2022/08/07,立秋,第1候,小錦蘭,2.5,1.5,1
25,2022/08/07,立秋,第1候,雙面刺,2.5,1,3
25之1,2022/08/07,立秋,第1候,紅珠藤,2.5,1,3
26,2022/08/07,立秋,第1候,大青,2.5,1,2
27,2022/08/07,立秋,第1候,球花嘉賜木,2.5,1,1
28,2022/08/07,立秋,第1候,球花嘉賜木,2.5,1,1
29,2022/08/07,立秋,第1候,台灣野茉莉,2.5,1,3
30,2022/08/07,立秋,第1候,對面花,2,1,1
31,2022/08/07,立秋,第1候,狗花椒,2.5,2,1
32,2022/08/07,立秋,第1候,毛瓣蝴蝶木,2.5,1,1
33,2022/08/07,立秋,第1候,狗花椒,2.5,2,1
34,2022/08/07,立秋,第1候,狗花椒,2.5,2,1
35,2022/08/07,立秋,第1候,羊角藤,2.5,3,1
36,2022/08/07,立秋,第1候,朴樹,3,1,2
37,2022/08/07,立秋,第1候,裡白巴豆,2.5,2,1
38,2022/08/07,立秋,第1候,土密,2.5,2,1
39,2022/08/07,立秋,第1候,樟樹,2.5,1,3
0,2022/08/21,立秋,第3候,緬梔,2.5,3,1
1,2022/08/21,立秋,第3候,小梗木薑子,2.5,1.5,1
2,2022/08/21,立秋,第3候,相思樹,2.5,1,1
3,2022/08/21,立秋,第3候,降真香,2.5,3,3
4,2022/08/21,立秋,第3候,球花嘉賜木,2.5,1,1
5,2022/08/21,立秋,第3候,血桐,3,1,1
6,2022/08/21,立秋,第3候,灰木,3,1,2
7,2022/08/21,立秋,第3候,狗骨仔,2.5,1,1
8,2022/08/21,立秋,第3候,狗骨仔,2.5,1,2
9,2022/08/21,立秋,第3候,台灣赤楠,2.5,1,1
10,2022/08/21,立秋,第3候,台灣山桂花,2.5,1,2
11,2022/08/21,立秋,第3候,細葉饅頭果,2.5,1,1
12,2022/08/21,立秋,第3候,球花嘉賜木,2.5,1,1
13,2022/08/21,立秋,第3候,相思樹,2.5,1,1
14,2022/08/21,立秋,第3候,血桐,2.5,1,1
14之1,2022/08/21,立秋,第3候,狗骨仔,2.5,1.5,3
15,2022/08/21,立秋,第3候,萬桃花,2.5,2,3
16,2022/08/21,立秋,第3候,山油麻,2.5,3,3
17,2022/08/21,立秋,第3候,構樹,2.5,1,1
18,2022/08/21,立秋,第3候,白毛臭牡丹,#N/A,#N/A,#N/A
19,2022/08/21,立秋,第3候,白匏子,2.5,1,1
20,2022/08/21,立秋,第3候,白匏子,2.5,2,1
21,2022/08/21,立秋,第3候,苦楝,3,1,2
21之1,2022/08/21,立秋,第3候,白毛臭牡丹,2.5,2,1
22,2022/08/21,立秋,第3候,狗骨仔,2.5,1.5,1
23,2022/08/21,立秋,第3候,降真香,2.5,3,3
24,2022/08/21,立秋,第3候,小錦蘭,2.5,1.5,1
25,2022/08/21,立秋,第3候,雙面刺,2.5,1,3
25之1,2022/08/21,立秋,第3候,紅珠藤,2.5,1,1
26,2022/08/21,立秋,第3候,大青,2.5,1,2
27,2022/08/21,立秋,第3候,球花嘉賜木,2.5,1,1
28,2022/08/21,立秋,第3候,球花嘉賜木,2.5,1,1
29,2022/08/21,立秋,第3候,台灣野茉莉,2.5,1,3
30,2022/08/21,立秋,第3候,對面花,2,1,1
31,2022/08/21,立秋,第3候,狗花椒,2.5,2,1
32,2022/08/21,立秋,第3候,毛瓣蝴蝶木,3,1,1
33,2022/08/21,立秋,第3候,狗花椒,2.5,2,1
34,2022/08/21,立秋,第3候,狗花椒,2.5,2,1
35,2022/08/21,立秋,第3候,羊角藤,2.5,2,1
36,2022/08/21,立秋,第3候,朴樹,3,1,2
37,2022/08/21,立秋,第3候,裡白巴豆,2.5,2,1
38,2022/08/21,立秋,第3候,土密,2.5,2,1
39,2022/08/21,立秋,第3候,樟樹,2.5,1,3
0,2022/08/28,處暑,第2候,緬梔,2.5,3,1
1,2022/08/28,處暑,第2候,小梗木薑子,2.5,1.5,1
2,2022/08/28,處暑,第2候,相思樹,2.5,1,1
3,2022/08/28,處暑,第2候,降真香,2.5,3,3
4,2022/08/28,處暑,第2候,球花嘉賜木,2.5,1,1
5,2022/08/28,處暑,第2候,血桐,3,1,1
6,2022/08/28,處暑,第2候,灰木,2.5,1,2
7,2022/08/28,處暑,第2候,狗骨仔,2.5,1,1
8,2022/08/28,處暑,第2候,狗骨仔,2.5,1,2
9,2022/08/28,處暑,第2候,台灣赤楠,2.5,1,1
10,2022/08/28,處暑,第2候,台灣山桂花,2.5,1,2
11,2022/08/28,處暑,第2候,細葉饅頭果,2.5,2,1
12,2022/08/28,處暑,第2候,球花嘉賜木,2.5,1,1
13,2022/08/28,處暑,第2候,相思樹,2.5,1,1
14,2022/08/28,處暑,第2候,血桐,2.5,2,1
14之1,2022/08/28,處暑,第2候,狗骨仔,2.5,1.5,3
15,2022/08/28,處暑,第2候,萬桃花,2.5,2,3
16,2022/08/28,處暑,第2候,山油麻,2.5,3,3
17,2022/08/28,處暑,第2候,構樹,2.5,1,1
18,2022/08/28,處暑,第2候,白毛臭牡丹,#N/A,#N/A,#N/A
19,2022/08/28,處暑,第2候,白匏子,2.5,1,1
20,2022/08/28,處暑,第2候,白匏子,2.5,2,1
21,2022/08/28,處暑,第2候,苦楝,3,1,2
21之1,2022/08/28,處暑,第2候,白毛臭牡丹,2.5,1,1
22,2022/08/28,處暑,第2候,狗骨仔,2.5,1.5,1
23,2022/08/28,處暑,第2候,降真香,2.5,3,3
24,2022/08/28,處暑,第2候,小錦蘭,2.5,1.5,1
25,2022/08/28,處暑,第2候,雙面刺,2.5,1,3
25之1,2022/08/28,處暑,第2候,紅珠藤,2.5,1,1
26,2022/08/28,處暑,第2候,大青,2.5,1,2
27,2022/08/28,處暑,第2候,球花嘉賜木,2.5,1,1
28,2022/08/28,處暑,第2候,球花嘉賜木,2.5,1,1
29,2022/08/28,處暑,第2候,台灣野茉莉,2.5,1,2
30,2022/08/28,處暑,第2候,對面花,2.5,1,1
31,2022/08/28,處暑,第2候,狗花椒,2.5,2,1
32,2022/08/28,處暑,第2候,毛瓣蝴蝶木,3,1,1
33,2022/08/28,處暑,第2候,狗花椒,2.5,2,1
34,2022/08/28,處暑,第2候,狗花椒,2.5,2,1
35,2022/08/28,處暑,第2候,羊角藤,2.5,2,1
36,2022/08/28,處暑,第2候,朴樹,2.5,1,2
37,2022/08/28,處暑,第2候,裡白巴豆,2.5,2,1
38,2022/08/28,處暑,第2候,土密,2.5,3,1
39,2022/08/28,處暑,第2候,樟樹,2.5,1,3
0,2022/09/04,處暑,第3候,緬梔,2.5,3,1
1,2022/09/04,處暑,第3候,小梗木薑子,3,1.5,1
2,2022/09/04,處暑,第3候,相思樹,2.5,1,1
3,2022/09/04,處暑,第3候,降真香,3,3,3
4,2022/09/04,處暑,第3候,球花嘉賜木,2.5,1,1
5,2022/09/04,處暑,第3候,血桐,2.5,1,1
6,2022/09/04,處暑,第3候,灰木,2.5,1,2
7,2022/09/04,處暑,第3候,狗骨仔,2.5,1,1
8,2022/09/04,處暑,第3候,狗骨仔,2.5,1,2
9,2022/09/04,處暑,第3候,台灣赤楠,2.5,1,1
10,2022/09/04,處暑,第3候,台灣山桂花,2.5,1,2
11,2022/09/04,處暑,第3候,細葉饅頭果,2.5,2,1
12,2022/09/04,處暑,第3候,球花嘉賜木,2.5,1,1
13,2022/09/04,處暑,第3候,相思樹,2.5,1,1
14,2022/09/04,處暑,第3候,血桐,3,1,1
14之1,2022/09/04,處暑,第3候,狗骨仔,2.5,1.5,3
15,2022/09/04,處暑,第3候,萬桃花,2,2,3
16,2022/09/04,處暑,第3候,山油麻,2.5,3,3
17,2022/09/04,處暑,第3候,構樹,3,1,1
18,2022/09/04,處暑,第3候,白毛臭牡丹,#N/A,#N/A,#N/A
19,2022/09/04,處暑,第3候,白匏子,2.5,2,1
20,2022/09/04,處暑,第3候,白匏子,2.5,2,1
21,2022/09/04,處暑,第3候,苦楝,2.5,1,2
21之1,2022/09/04,處暑,第3候,白毛臭牡丹,2.5,1,1
22,2022/09/04,處暑,第3候,狗骨仔,2.5,1.5,1
23,2022/09/04,處暑,第3候,降真香,3,3,3
24,2022/09/04,處暑,第3候,小錦蘭,2.5,1.5,1
25,2022/09/04,處暑,第3候,雙面刺,2.5,1,3
25之1,2022/09/04,處暑,第3候,紅珠藤,2.5,1,1
26,2022/09/04,處暑,第3候,大青,2.5,1,1
26之1,2022/09/04,處暑,第3候,狗花椒,2.5,1,3
27,2022/09/04,處暑,第3候,球花嘉賜木,2.5,1,1
28,2022/09/04,處暑,第3候,球花嘉賜木,2.5,1,1
29,2022/09/04,處暑,第3候,台灣野茉莉,2.5,1,2
30,2022/09/04,處暑,第3候,對面花,2.5,1,1
31,2022/09/04,處暑,第3候,狗花椒,2.5,2,1
32,2022/09/04,處暑,第3候,毛瓣蝴蝶木,3,1,1
32之1,2022/09/04,處暑,第3候,厚殼樹,3,2,2
33,2022/09/04,處暑,第3候,狗花椒,2.5,2,1
34,2022/09/04,處暑,第3候,狗花椒,2.5,2,1
35,2022/09/04,處暑,第3候,羊角藤,2.5,1,2
36,2022/09/04,處暑,第3候,朴樹,3,1,1
37,2022/09/04,處暑,第3候,裡白巴豆,2.5,2,2
38,2022/09/04,處暑,第3候,土密,2.5,3,1
39,2022/09/04,處暑,第3候,樟樹,2.5,1,3
0,2022/09/18,白露,第3候,緬梔,3,2,1
1,2022/09/18,白露,第3候,小梗木薑子,3,1.5,1
2,2022/09/18,白露,第3候,相思樹,2.5,1,1
3,2022/09/18,白露,第3候,降真香,3,2,3
4,2022/09/18,白露,第3候,球花嘉賜木,2.5,1,1
5,2022/09/18,白露,第3候,血桐,2.5,1,1
6,2022/09/18,白露,第3候,灰木,3,1,1
7,2022/09/18,白露,第3候,狗骨仔,2.5,1,1
8,2022/09/18,白露,第3候,狗骨仔,2.5,1,2
9,2022/09/18,白露,第3候,台灣赤楠,2.5,1,1
10,2022/09/18,白露,第3候,台灣山桂花,2.5,1,2
11,2022/09/18,白露,第3候,細葉饅頭果,2.5,3,1
12,2022/09/18,白露,第3候,球花嘉賜木,2.5,1,1
13,2022/09/18,白露,第3候,相思樹,2.5,1,1
14,2022/09/18,白露,第3候,血桐,2.5,1,1
14之1,2022/09/18,白露,第3候,狗骨仔,2.5,1.5,3
15,2022/09/18,白露,第3候,萬桃花,2,2,3
16,2022/09/18,白露,第3候,山油麻,2.5,3,3
17,2022/09/18,白露,第3候,構樹,3,1,1
18,2022/09/18,白露,第3候,白毛臭牡丹,#N/A,#N/A,#N/A
19,2022/09/18,白露,第3候,白匏子,2.5,2,1
20,2022/09/18,白露,第3候,白匏子,2.5,2,1
21,2022/09/18,白露,第3候,苦楝,2.5,1,2
21之1,2022/09/18,白露,第3候,白毛臭牡丹,2.5,2,1
22,2022/09/18,白露,第3候,狗骨仔,2.5,1.5,1
23,2022/09/18,白露,第3候,降真香,3,2,3
24,2022/09/18,白露,第3候,小錦蘭,3,1.5,1
25,2022/09/18,白露,第3候,雙面刺,2.5,1,3
25之1,2022/09/18,白露,第3候,紅珠藤,2.5,1,1
26,2022/09/18,白露,第3候,大青,2.5,1,1
26之1,2022/09/18,白露,第3候,狗花椒,2.5,1,3
27,2022/09/18,白露,第3候,球花嘉賜木,2.5,1,1
28,2022/09/18,白露,第3候,球花嘉賜木,2.5,1,1
29,2022/09/18,白露,第3候,台灣野茉莉,2.5,1,1
30,2022/09/18,白露,第3候,對面花,2.5,1,1
31,2022/09/18,白露,第3候,狗花椒,2.5,2,1
32,2022/09/18,白露,第3候,毛瓣蝴蝶木,3,1,1
32之1,2022/09/18,白露,第3候,厚殼樹,3,2,2
33,2022/09/18,白露,第3候,狗花椒,2.5,2,1
34,2022/09/18,白露,第3候,狗花椒,2.5,2,1
35,2022/09/18,白露,第3候,羊角藤,2.5,1,2
36,2022/09/18,白露,第3候,朴樹,3,1,1
37,2022/09/18,白露,第3候,裡白巴豆,2.5,2,2
38,2022/09/18,白露,第3候,土密,2.5,3,1
39,2022/09/18,白露,第3候,樟樹,2.5,1,1
0,2022/09/25,秋分,第1候,緬梔,3,2,1
1,2022/09/25,秋分,第1候,小梗木薑子,3,1.5,1
2,2022/09/25,秋分,第1候,相思樹,2.5,1,1
3,2022/09/25,秋分,第1候,降真香,3,2,3
4,2022/09/25,秋分,第1候,球花嘉賜木,2.5,1,1
5,2022/09/25,秋分,第1候,血桐,2.5,1,1
6,2022/09/25,秋分,第1候,灰木,3,1,1
7,2022/09/25,秋分,第1候,狗骨仔,2.5,1,1
8,2022/09/25,秋分,第1候,狗骨仔,2.5,1,2
9,2022/09/25,秋分,第1候,台灣赤楠,2.5,1,1
10,2022/09/25,秋分,第1候,台灣山桂花,2.5,1,2
11,2022/09/25,秋分,第1候,細葉饅頭果,2.5,3,1
12,2022/09/25,秋分,第1候,球花嘉賜木,2.5,1,1
13,2022/09/25,秋分,第1候,相思樹,2.5,1,1
14,2022/09/25,秋分,第1候,血桐,2.5,1,1
14之1,2022/09/25,秋分,第1候,狗骨仔,2.5,1.5,3
15,2022/09/25,秋分,第1候,萬桃花,2,2,3
16,2022/09/25,秋分,第1候,山油麻,2.5,2,3
17,2022/09/25,秋分,第1候,構樹,3,1,1
18,2022/09/25,秋分,第1候,白毛臭牡丹,#N/A,#N/A,#N/A
19,2022/09/25,秋分,第1候,白匏子,2.5,2,1
19之1,2022/09/25,秋分,第1候,白匏子,2.5,3,1
20,2022/09/25,秋分,第1候,白匏子,2.5,2,1
21,2022/09/25,秋分,第1候,苦楝,2.5,1,2
21之1,2022/09/25,秋分,第1候,白毛臭牡丹,2.5,2,1
22,2022/09/25,秋分,第1候,狗骨仔,2.5,1.5,1
23,2022/09/25,秋分,第1候,降真香,3,2,3
24,2022/09/25,秋分,第1候,小錦蘭,3,1.5,1
25,2022/09/25,秋分,第1候,雙面刺,2.5,1,3
25之1,2022/09/25,秋分,第1候,紅珠藤,2.5,1,1
26,2022/09/25,秋分,第1候,大青,2.5,1,1
26之1,2022/09/25,秋分,第1候,狗花椒,2.5,1,3
27,2022/09/25,秋分,第1候,球花嘉賜木,2.5,1,1
28,2022/09/25,秋分,第1候,球花嘉賜木,2.5,1,1
29,2022/09/25,秋分,第1候,台灣野茉莉,2.5,1,1
30,2022/09/25,秋分,第1候,對面花,2.5,1,1
31,2022/09/25,秋分,第1候,狗花椒,2.5,2,1
32,2022/09/25,秋分,第1候,毛瓣蝴蝶木,3,1,1
32之1,2022/09/25,秋分,第1候,厚殼樹,3,2,2
33,2022/09/25,秋分,第1候,狗花椒,2.5,2,1
34,2022/09/25,秋分,第1候,狗花椒,2.5,2,1
35,2022/09/25,秋分,第1候,羊角藤,2.5,1,2
36,2022/09/25,秋分,第1候,朴樹,3,1,1
37,2022/09/25,秋分,第1候,裡白巴豆,2.5,2,1
38,2022/09/25,秋分,第1候,土密,2.5,3,1
39,2022/09/25,秋分,第1候,樟樹,2.5,1,1
0,2022/10/01,秋分,第2候,緬梔,2,2,1
1,2022/10/01,秋分,第2候,小梗木薑子,2.5,1.5,1
2,2022/10/01,秋分,第2候,相思樹,2.5,1,1
3,2022/10/01,秋分,第2候,降真香,3,2,3
4,2022/10/01,秋分,第2候,球花嘉賜木,2.5,1,1
5,2022/10/01,秋分,第2候,血桐,2.5,1,1
6,2022/10/01,秋分,第2候,灰木,3,1,1
7,2022/10/01,秋分,第2候,狗骨仔,2.5,1,1
8,2022/10/01,秋分,第2候,狗骨仔,2.5,1,2
9,2022/10/01,秋分,第2候,台灣赤楠,2.5,1,1
10,2022/10/01,秋分,第2候,台灣山桂花,2.5,1,2
11,2022/10/01,秋分,第2候,細葉饅頭果,2.5,3,1
12,2022/10/01,秋分,第2候,球花嘉賜木,2.5,1,1
13,2022/10/01,秋分,第2候,相思樹,2.5,1,1
14,2022/10/01,秋分,第2候,血桐,2.5,1,1
14之1,2022/10/01,秋分,第2候,狗骨仔,2.5,1.5,3
15,2022/10/01,秋分,第2候,萬桃花,2,1,3
16,2022/10/01,秋分,第2候,山油麻,2.5,2,3
17,2022/10/01,秋分,第2候,構樹,2.5,1,1
18,2022/10/01,秋分,第2候,白毛臭牡丹,#N/A,#N/A,#N/A
19,2022/10/01,秋分,第2候,白匏子,2.5,3,1
19之1,2022/10/01,秋分,第2候,白匏子,2.5,3,1
20,2022/10/01,秋分,第2候,白匏子,2.5,3,1
21,2022/10/01,秋分,第2候,苦楝,3,1,2
21之1,2022/10/01,秋分,第2候,白毛臭牡丹,2.5,3,1
22,2022/10/01,秋分,第2候,狗骨仔,2.5,1.5,1
23,2022/10/01,秋分,第2候,降真香,2.5,2,3
24,2022/10/01,秋分,第2候,小錦蘭,2.5,1.5,1
25,2022/10/01,秋分,第2候,雙面刺,2.5,1,3
25之1,2022/10/01,秋分,第2候,紅珠藤,2.5,1,1
26,2022/10/01,秋分,第2候,大青,2.5,1,1
26之1,2022/10/01,秋分,第2候,狗花椒,2.5,1,3
27,2022/10/01,秋分,第2候,球花嘉賜木,2.5,1,1
28,2022/10/01,秋分,第2候,球花嘉賜木,2.5,1,1
29,2022/10/01,秋分,第2候,台灣野茉莉,2.5,1,1
30,2022/10/01,秋分,第2候,對面花,2.5,1,1
31,2022/10/01,秋分,第2候,狗花椒,2.5,2,1
32,2022/10/01,秋分,第2候,毛瓣蝴蝶木,3,1,1
32之1,2022/10/01,秋分,第2候,厚殼樹,2.5,2,2
33,2022/10/01,秋分,第2候,狗花椒,2.5,1,1
34,2022/10/01,秋分,第2候,狗花椒,2.5,3,1
35,2022/10/01,秋分,第2候,羊角藤,2.5,1,2
36,2022/10/01,秋分,第2候,朴樹,3,1,1
37,2022/10/01,秋分,第2候,裡白巴豆,2.5,2,1
38,2022/10/01,秋分,第2候,土密,2.5,3,1
39,2022/10/01,秋分,第2候,樟樹,2.5,1,1
0,2022/10/15,寒露,第2候,緬梔,3,2,1
1,2022/10/15,寒露,第2候,小梗木薑子,2.5,2,1
2,2022/10/15,寒露,第2候,相思樹,3,1,1
3,2022/10/15,寒露,第2候,降真香,2.5,2,3
4,2022/10/15,寒露,第2候,球花嘉賜木,2.5,1,1
5,2022/10/15,寒露,第2候,血桐,2.5,1,1
6,2022/10/15,寒露,第2候,灰木,3,1,1
7,2022/10/15,寒露,第2候,狗骨仔,2.5,1,1
8,2022/10/15,寒露,第2候,狗骨仔,2.5,1,2
9,2022/10/15,寒露,第2候,台灣赤楠,2.5,1,1
10,2022/10/15,寒露,第2候,台灣山桂花,2.5,1,2
11,2022/10/15,寒露,第2候,細葉饅頭果,2.5,3,2
12,2022/10/15,寒露,第2候,球花嘉賜木,2.5,1,1
13,2022/10/15,寒露,第2候,相思樹,2.5,1,1
14,2022/10/15,寒露,第2候,血桐,2.5,1,1
14之1,2022/10/15,寒露,第2候,狗骨仔,2.5,1.5,3
15,2022/10/15,寒露,第2候,萬桃花,1,1,3
16,2022/10/15,寒露,第2候,山油麻,2.5,2,3
17,2022/10/15,寒露,第2候,構樹,2.5,1,1
18,2022/10/15,寒露,第2候,白毛臭牡丹,#N/A,#N/A,#N/A
19,2022/10/15,寒露,第2候,白匏子,2.5,3,1
19之1,2022/10/15,寒露,第2候,白匏子,2.5,3,1
20,2022/10/15,寒露,第2候,白匏子,2.5,3,1
21,2022/10/15,寒露,第2候,苦楝,2,1,2
21之1,2022/10/15,寒露,第2候,白毛臭牡丹,2.5,1,3
22,2022/10/15,寒露,第2候,狗骨仔,2.5,1.5,1
23,2022/10/15,寒露,第2候,降真香,2.5,2,3
24,2022/10/15,寒露,第2候,小錦蘭,2.5,1.5,1
25,2022/10/15,寒露,第2候,雙面刺,2.5,1,3
25之1,2022/10/15,寒露,第2候,紅珠藤,2.5,1,1
26,2022/10/15,寒露,第2候,大青,2.5,1,1
26之1,2022/10/15,寒露,第2候,狗花椒,2.5,1,3
27,2022/10/15,寒露,第2候,球花嘉賜木,2.5,1,1
28,2022/10/15,寒露,第2候,球花嘉賜木,2.5,1,1
29,2022/10/15,寒露,第2候,台灣野茉莉,2.5,1,1
30,2022/10/15,寒露,第2候,對面花,2.5,1,1
31,2022/10/15,寒露,第2候,狗花椒,2.5,1,1
32,2022/10/15,寒露,第2候,毛瓣蝴蝶木,2.5,1,1
32之1,2022/10/15,寒露,第2候,厚殼樹,2.5,1,2
33,2022/10/15,寒露,第2候,狗花椒,2.5,1,1
34,2022/10/15,寒露,第2候,狗花椒,2.5,2,1
35,2022/10/15,寒露,第2候,羊角藤,2.5,1,2
36,2022/10/15,寒露,第2候,朴樹,3,1,1
37,2022/10/15,寒露,第2候,裡白巴豆,2.5,2,1
38,2022/10/15,寒露,第2候,土密,2.5,2,2
39,2022/10/15,寒露,第2候,樟樹,2.5,1,1
0,2022/10/30,霜降,第2候,緬梔,2,2,1
1,2022/10/30,霜降,第2候,小梗木薑子,2.5,2,1
2,2022/10/30,霜降,第2候,相思樹,2.5,1,1
3,2022/10/30,霜降,第2候,降真香,2.5,2,3
4,2022/10/30,霜降,第2候,球花嘉賜木,2.5,1.5,1
5,2022/10/30,霜降,第2候,血桐,2.5,1,1
6,2022/10/30,霜降,第2候,灰木,3,1,1
7,2022/10/30,霜降,第2候,狗骨仔,2.5,1,1
8,2022/10/30,霜降,第2候,狗骨仔,2.5,1,2
9,2022/10/30,霜降,第2候,台灣赤楠,2.5,1,1
10,2022/10/30,霜降,第2候,台灣山桂花,2.5,1,2
11,2022/10/30,霜降,第2候,細葉饅頭果,3,2,2
12,2022/10/30,霜降,第2候,球花嘉賜木,2.5,1.5,1
13,2022/10/30,霜降,第2候,相思樹,2.5,1,1
14,2022/10/30,霜降,第2候,血桐,2.5,1,1
14之1,2022/10/30,霜降,第2候,狗骨仔,2.5,1.5,3
15,2022/10/30,霜降,第2候,萬桃花,2,1,3
16,2022/10/30,霜降,第2候,山油麻,2.5,1,3
17,2022/10/30,霜降,第2候,構樹,2.5,1,1
18,2022/10/30,霜降,第2候,白毛臭牡丹,#N/A,#N/A,#N/A
19,2022/10/30,霜降,第2候,白匏子,2.5,2,3
19之1,2022/10/30,霜降,第2候,白匏子,2.5,1,3
20,2022/10/30,霜降,第2候,白匏子,2.5,1,1
21,2022/10/30,霜降,第2候,苦楝,2,1,1
21之1,2022/10/30,霜降,第2候,白毛臭牡丹,2.5,2,3
22,2022/10/30,霜降,第2候,狗骨仔,2.5,1.5,1
23,2022/10/30,霜降,第2候,降真香,2.5,2,3
24,2022/10/30,霜降,第2候,小錦蘭,2.5,1.5,1
25,2022/10/30,霜降,第2候,雙面刺,2.5,1,2
25之1,2022/10/30,霜降,第2候,紅珠藤,2.5,1,1
26,2022/10/30,霜降,第2候,大青,2.5,1,1
26之1,2022/10/30,霜降,第2候,狗花椒,2.5,1,3
27,2022/10/30,霜降,第2候,球花嘉賜木,2.5,1.5,1
28,2022/10/30,霜降,第2候,球花嘉賜木,2.5,1.5,1
29,2022/10/30,霜降,第2候,台灣野茉莉,2.5,1,1
30,2022/10/30,霜降,第2候,對面花,2.5,1,1
31,2022/10/30,霜降,第2候,狗花椒,2.5,1,1
32,2022/10/30,霜降,第2候,毛瓣蝴蝶木,2.5,1,1
32之1,2022/10/30,霜降,第2候,厚殼樹,2.5,1,2
33,2022/10/30,霜降,第2候,狗花椒,2.5,1,1
34,2022/10/30,霜降,第2候,狗花椒,2.5,2,1
35,2022/10/30,霜降,第2候,羊角藤,2.5,1,2
36,2022/10/30,霜降,第2候,朴樹,3,1,1
37,2022/10/30,霜降,第2候,裡白巴豆,2.5,2,1
38,2022/10/30,霜降,第2候,土密,2.5,1,3
39,2022/10/30,霜降,第2候,樟樹,2.5,1,1
0,2022/11/13,立冬,第2候,緬梔,2,2,1
1,2022/11/13,立冬,第2候,小梗木薑子,3,2,1
2,2022/11/13,立冬,第2候,相思樹,2.5,1,1
3,2022/11/13,立冬,第2候,降真香,2.5,1,3
4,2022/11/13,立冬,第2候,球花嘉賜木,2.5,3,1
5,2022/11/13,立冬,第2候,血桐,2.5,1,1
6,2022/11/13,立冬,第2候,灰木,2,1,1
7,2022/11/13,立冬,第2候,狗骨仔,3,1,1
8,2022/11/13,立冬,第2候,狗骨仔,2.5,1,2
9,2022/11/13,立冬,第2候,台灣赤楠,2.5,1,1
10,2022/11/13,立冬,第2候,台灣山桂花,2.5,1,2
11,2022/11/13,立冬,第2候,細葉饅頭果,3,2,2
12,2022/11/13,立冬,第2候,球花嘉賜木,2.5,3,1
13,2022/11/13,立冬,第2候,相思樹,2.5,1,1
14,2022/11/13,立冬,第2候,血桐,2.5,1,1
14之1,2022/11/13,立冬,第2候,狗骨仔,2.5,1.5,3
15,2022/11/13,立冬,第2候,萬桃花,2,1,3
16,2022/11/13,立冬,第2候,山油麻,2.5,1,3
17,2022/11/13,立冬,第2候,構樹,2.5,1,1
18,2022/11/13,立冬,第2候,白毛臭牡丹,#N/A,#N/A,#N/A
19,2022/11/13,立冬,第2候,白匏子,2.5,1,3
19之1,2022/11/13,立冬,第2候,白匏子,2.5,1,3
20,2022/11/13,立冬,第2候,白匏子,2.5,1,1
21,2022/11/13,立冬,第2候,苦楝,2,1,1
21之1,2022/11/13,立冬,第2候,白毛臭牡丹,3,2,3
22,2022/11/13,立冬,第2候,狗骨仔,2.5,2,1
23,2022/11/13,立冬,第2候,降真香,2.5,1,3
24,2022/11/13,立冬,第2候,小錦蘭,2.5,1.5,1
25,2022/11/13,立冬,第2候,雙面刺,2.5,1,1
25之1,2022/11/13,立冬,第2候,紅珠藤,2.5,1,1
26,2022/11/13,立冬,第2候,大青,2.5,1,1
26之1,2022/11/13,立冬,第2候,狗花椒,2.5,1,2
27,2022/11/13,立冬,第2候,球花嘉賜木,2.5,3,1
28,2022/11/13,立冬,第2候,球花嘉賜木,2.5,3,1
29,2022/11/13,立冬,第2候,台灣野茉莉,2.5,1,1
30,2022/11/13,立冬,第2候,對面花,2.5,1,1
31,2022/11/13,立冬,第2候,狗花椒,2.5,1,1
32,2022/11/13,立冬,第2候,毛瓣蝴蝶木,2.5,1,1
32之1,2022/11/13,立冬,第2候,厚殼樹,2.5,1,2
33,2022/11/13,立冬,第2候,狗花椒,2.5,1,1
34,2022/11/13,立冬,第2候,狗花椒,3,2,1
35,2022/11/13,立冬,第2候,羊角藤,2.5,1,2
36,2022/11/13,立冬,第2候,朴樹,3,1,1
37,2022/11/13,立冬,第2候,裡白巴豆,2.5,2,1
38,2022/11/13,立冬,第2候,土密,2.5,1,3
39,2022/11/13,立冬,第2候,樟樹,3,1,1
0,2022/11/19,立冬,第3候,緬梔,2,2,1
1,2022/11/19,立冬,第3候,小梗木薑子,3,2,1
2,2022/11/19,立冬,第3候,相思樹,3,1,1
3,2022/11/19,立冬,第3候,降真香,3,1,3
4,2022/11/19,立冬,第3候,球花嘉賜木,2.5,3,1
5,2022/11/19,立冬,第3候,血桐,2.5,1,1
6,2022/11/19,立冬,第3候,灰木,2,1,1
7,2022/11/19,立冬,第3候,狗骨仔,3,1,1
8,2022/11/19,立冬,第3候,狗骨仔,2.5,1,2
9,2022/11/19,立冬,第3候,台灣赤楠,2.5,1,1
10,2022/11/19,立冬,第3候,台灣山桂花,2.5,1,2
11,2022/11/19,立冬,第3候,細葉饅頭果,3,1,2
12,2022/11/19,立冬,第3候,球花嘉賜木,2.5,3,1
13,2022/11/19,立冬,第3候,相思樹,2.5,1,1
14,2022/11/19,立冬,第3候,血桐,2.5,1,1
14之1,2022/11/19,立冬,第3候,狗骨仔,2.5,1.5,3
15,2022/11/19,立冬,第3候,萬桃花,1,1,3
16,2022/11/19,立冬,第3候,山油麻,2.5,1,3
17,2022/11/19,立冬,第3候,構樹,2.5,1,1
18,2022/11/19,立冬,第3候,白毛臭牡丹,#N/A,#N/A,#N/A
19,2022/11/19,立冬,第3候,白匏子,2.5,1,3
19之1,2022/11/19,立冬,第3候,白匏子,2.5,1,3
20,2022/11/19,立冬,第3候,白匏子,2.5,1.5,1
21,2022/11/19,立冬,第3候,苦楝,2,1,1
21之1,2022/11/19,立冬,第3候,白毛臭牡丹,2.5,1,3
22,2022/11/19,立冬,第3候,狗骨仔,2.5,2,1
23,2022/11/19,立冬,第3候,降真香,2.5,1,3
24,2022/11/19,立冬,第3候,小錦蘭,2.5,1.5,1
25,2022/11/19,立冬,第3候,雙面刺,2.5,1,1
25之1,2022/11/19,立冬,第3候,紅珠藤,2.5,1,1
26,2022/11/19,立冬,第3候,大青,2.5,1,1
26之1,2022/11/19,立冬,第3候,狗花椒,2.5,1,2
27,2022/11/19,立冬,第3候,球花嘉賜木,2.5,3,1
28,2022/11/19,立冬,第3候,球花嘉賜木,2.5,3,1
29,2022/11/19,立冬,第3候,台灣野茉莉,2,1,1
30,2022/11/19,立冬,第3候,對面花,2.5,1,1
31,2022/11/19,立冬,第3候,狗花椒,3,1,1
32,2022/11/19,立冬,第3候,毛瓣蝴蝶木,2.5,1,1
32之1,2022/11/19,立冬,第3候,厚殼樹,2.5,1,2
33,2022/11/19,立冬,第3候,狗花椒,2.5,1,1
34,2022/11/19,立冬,第3候,狗花椒,3,2,1
35,2022/11/19,立冬,第3候,羊角藤,3,1,2
36,2022/11/19,立冬,第3候,朴樹,3,1,1
37,2022/11/19,立冬,第3候,裡白巴豆,2.5,2,1
38,2022/11/19,立冬,第3候,土密,3,1,3
39,2022/11/19,立冬,第3候,樟樹,3,1,1
0,2022/12/04,小雪,第3候,緬梔,2,2,1
1,2022/12/04,小雪,第3候,小梗木薑子,3,2,1
2,2022/12/04,小雪,第3候,相思樹,3,1,1
3,2022/12/04,小雪,第3候,降真香,3,1,3
4,2022/12/04,小雪,第3候,球花嘉賜木,3,1,1
5,2022/12/04,小雪,第3候,血桐,2.5,1,1
6,2022/12/04,小雪,第3候,灰木,2,1,1
7,2022/12/04,小雪,第3候,狗骨仔,3,1,1
8,2022/12/04,小雪,第3候,狗骨仔,2.5,1,2
9,2022/12/04,小雪,第3候,台灣赤楠,3,1,1
10,2022/12/04,小雪,第3候,台灣山桂花,2.5,1,2
11,2022/12/04,小雪,第3候,細葉饅頭果,3,1,2
12,2022/12/04,小雪,第3候,球花嘉賜木,2.5,1,1
13,2022/12/04,小雪,第3候,相思樹,2.5,1,1
14,2022/12/04,小雪,第3候,血桐,2.5,1,1
14之1,2022/12/04,小雪,第3候,狗骨仔,2.5,1.5,3
15,2022/12/04,小雪,第3候,萬桃花,1,1,3
16,2022/12/04,小雪,第3候,山油麻,2.5,1,3
17,2022/12/04,小雪,第3候,構樹,2,1,1
18,2022/12/04,小雪,第3候,白毛臭牡丹,#N/A,#N/A,#N/A
19,2022/12/04,小雪,第3候,白匏子,2.5,1,3
19之1,2022/12/04,小雪,第3候,白匏子,2.5,1,3
20,2022/12/04,小雪,第3候,白匏子,2.5,1,1
21,2022/12/04,小雪,第3候,苦楝,2,1,1
21之1,2022/12/04,小雪,第3候,白毛臭牡丹,2.5,1,2
22,2022/12/04,小雪,第3候,狗骨仔,2.5,2,1
23,2022/12/04,小雪,第3候,降真香,3,1,3
24,2022/12/04,小雪,第3候,小錦蘭,2,1.5,1
25,2022/12/04,小雪,第3候,雙面刺,2.5,1,1
25之1,2022/12/04,小雪,第3候,紅珠藤,2.5,1,1
26,2022/12/04,小雪,第3候,大青,2.5,1,1
26之1,2022/12/04,小雪,第3候,狗花椒,2.5,1,1
27,2022/12/04,小雪,第3候,球花嘉賜木,3,1.5,1
28,2022/12/04,小雪,第3候,球花嘉賜木,3,1,3
29,2022/12/04,小雪,第3候,台灣野茉莉,2,1,1
30,2022/12/04,小雪,第3候,對面花,2.5,1,1
31,2022/12/04,小雪,第3候,狗花椒,2.5,1,1
32,2022/12/04,小雪,第3候,毛瓣蝴蝶木,2.5,2,1
32之1,2022/12/04,小雪,第3候,厚殼樹,3,1,2
33,2022/12/04,小雪,第3候,狗花椒,2.5,1,1
34,2022/12/04,小雪,第3候,狗花椒,2.5,1,1
35,2022/12/04,小雪,第3候,羊角藤,3,1,2
36,2022/12/04,小雪,第3候,朴樹,3,1,1
37,2022/12/04,小雪,第3候,裡白巴豆,2.5,1,1
38,2022/12/04,小雪,第3候,土密,3,1,3
39,2022/12/04,小雪,第3候,樟樹,3,1,1
0,2022/12/11,大雪,第1候,緬梔,2,2,1
1,2022/12/11,大雪,第1候,小梗木薑子,3,1,1
2,2022/12/11,大雪,第1候,相思樹,2,1,1
3,2022/12/11,大雪,第1候,降真香,3,1,3
4,2022/12/11,大雪,第1候,球花嘉賜木,3,1,1
5,2022/12/11,大雪,第1候,血桐,2.5,1,1
6,2022/12/11,大雪,第1候,灰木,2,1,1
7,2022/12/11,大雪,第1候,狗骨仔,3,1,1
8,2022/12/11,大雪,第1候,狗骨仔,2.5,1,2
9,2022/12/11,大雪,第1候,台灣赤楠,3,1,1
10,2022/12/11,大雪,第1候,台灣山桂花,2.5,1,2
11,2022/12/11,大雪,第1候,細葉饅頭果,3,1,2
12,2022/12/11,大雪,第1候,球花嘉賜木,2.5,1,1
13,2022/12/11,大雪,第1候,相思樹,2.5,1,1
14,2022/12/11,大雪,第1候,血桐,2.5,1,1
14之1,2022/12/11,大雪,第1候,狗骨仔,2.5,1.5,3
15,2022/12/11,大雪,第1候,萬桃花,1,1,3
16,2022/12/11,大雪,第1候,山油麻,2.5,1,3
17,2022/12/11,大雪,第1候,構樹,2,1,1
18,2022/12/11,大雪,第1候,白毛臭牡丹,#N/A,#N/A,#N/A
19,2022/12/11,大雪,第1候,白匏子,2.5,1,3
19之1,2022/12/11,大雪,第1候,白匏子,2.5,1,3
20,2022/12/11,大雪,第1候,白匏子,2.5,1,1
21,2022/12/11,大雪,第1候,苦楝,2,1,1
21之1,2022/12/11,大雪,第1候,白毛臭牡丹,2.5,1,2
22,2022/12/11,大雪,第1候,狗骨仔,2.5,2,1
23,2022/12/11,大雪,第1候,降真香,3,1,3
24,2022/12/11,大雪,第1候,小錦蘭,2,1.5,1
25,2022/12/11,大雪,第1候,雙面刺,2.5,1,1
25之1,2022/12/11,大雪,第1候,紅珠藤,2.5,1,1
26,2022/12/11,大雪,第1候,大青,2.5,1,1
26之1,2022/12/11,大雪,第1候,狗花椒,2.5,1,1
27,2022/12/11,大雪,第1候,球花嘉賜木,3,1.5,1
28,2022/12/11,大雪,第1候,球花嘉賜木,3,1,3
29,2022/12/11,大雪,第1候,台灣野茉莉,2,1,1
30,2022/12/11,大雪,第1候,對面花,2.5,1,1
31,2022/12/11,大雪,第1候,狗花椒,2.5,1,1
32,2022/12/11,大雪,第1候,毛瓣蝴蝶木,2.5,2,1
32之1,2022/12/11,大雪,第1候,厚殼樹,2,1,2
33,2022/12/11,大雪,第1候,狗花椒,2.5,1,1
34,2022/12/11,大雪,第1候,狗花椒,2.5,1,1
35,2022/12/11,大雪,第1候,羊角藤,3,1,2
36,2022/12/11,大雪,第1候,朴樹,3,1,1
37,2022/12/11,大雪,第1候,裡白巴豆,2.5,1,1
38,2022/12/11,大雪,第1候,土密,3,1,3
39,2022/12/11,大雪,第1候,樟樹,3,1,1
0,2022/12/18,大雪,第3候,緬梔,2,2,1
1,2022/12/18,大雪,第3候,小梗木薑子,3,1,1
2,2022/12/18,大雪,第3候,相思樹,2.5,1,1
3,2022/12/18,大雪,第3候,降真香,3,1,3
4,2022/12/18,大雪,第3候,球花嘉賜木,3,1,1
5,2022/12/18,大雪,第3候,血桐,2.5,1,1
6,2022/12/18,大雪,第3候,灰木,2,1,1
7,2022/12/18,大雪,第3候,狗骨仔,3,1,1
8,2022/12/18,大雪,第3候,狗骨仔,2.5,1,2
9,2022/12/18,大雪,第3候,台灣赤楠,3,1,1
10,2022/12/18,大雪,第3候,台灣山桂花,2.5,1,2
11,2022/12/18,大雪,第3候,細葉饅頭果,3,1,2
12,2022/12/18,大雪,第3候,球花嘉賜木,2.5,1,1
13,2022/12/18,大雪,第3候,相思樹,2.5,1,1
14,2022/12/18,大雪,第3候,血桐,2.5,1,1
14之1,2022/12/18,大雪,第3候,狗骨仔,2.5,1.5,3
15,2022/12/18,大雪,第3候,萬桃花,1,1,3
16,2022/12/18,大雪,第3候,山油麻,2.5,1,3
17,2022/12/18,大雪,第3候,構樹,2,1,1
18,2022/12/18,大雪,第3候,白毛臭牡丹,#N/A,#N/A,#N/A
19,2022/12/18,大雪,第3候,白匏子,2.5,1,3
19之1,2022/12/18,大雪,第3候,白匏子,2.5,1,3
20,2022/12/18,大雪,第3候,白匏子,2.5,1,1
21,2022/12/18,大雪,第3候,苦楝,2,1,1
21之1,2022/12/18,大雪,第3候,白毛臭牡丹,2.5,1,2
22,2022/12/18,大雪,第3候,狗骨仔,2.5,2,1
23,2022/12/18,大雪,第3候,降真香,3,1,3
24,2022/12/18,大雪,第3候,小錦蘭,2,1.5,1
25,2022/12/18,大雪,第3候,雙面刺,3,1,1
25之1,2022/12/18,大雪,第3候,紅珠藤,2.5,1,1
26,2022/12/18,大雪,第3候,大青,2.5,1,1
26之1,2022/12/18,大雪,第3候,狗花椒,2.5,1,1
27,2022/12/18,大雪,第3候,球花嘉賜木,3,1.5,1
28,2022/12/18,大雪,第3候,球花嘉賜木,3,1,3
29,2022/12/18,大雪,第3候,台灣野茉莉,2,1,1
30,2022/12/18,大雪,第3候,對面花,2.5,1,1
31,2022/12/18,大雪,第3候,狗花椒,2.5,1,1
32,2022/12/18,大雪,第3候,毛瓣蝴蝶木,2.5,2,1
32之1,2022/12/18,大雪,第3候,厚殼樹,2,1,2
33,2022/12/18,大雪,第3候,狗花椒,2.5,1,1
34,2022/12/18,大雪,第3候,狗花椒,2.5,1,1
35,2022/12/18,大雪,第3候,羊角藤,3,1,2
36,2022/12/18,大雪,第3候,朴樹,3,1,1
37,2022/12/18,大雪,第3候,裡白巴豆,2.5,1,1
38,2022/12/18,大雪,第3候,土密,3,1,3
39,2022/12/18,大雪,第3候,樟樹,3,1,1
0,2023/01/01,冬至,第3候,緬梔,2,2,1
1,2023/01/01,冬至,第3候,小梗木薑子,3,1,2
2,2023/01/01,冬至,第3候,相思樹,3,1,1
3,2023/01/01,冬至,第3候,降真香,3,1,3
4,2023/01/01,冬至,第3候,球花嘉賜木,3,1,1
5,2023/01/01,冬至,第3候,血桐,2.5,1,1
6,2023/01/01,冬至,第3候,灰木,2,1,1
7,2023/01/01,冬至,第3候,狗骨仔,3,1,1
8,2023/01/01,冬至,第3候,狗骨仔,2.5,1,2
9,2023/01/01,冬至,第3候,台灣赤楠,3,1,1
10,2023/01/01,冬至,第3候,台灣山桂花,2.5,1.5,2
11,2023/01/01,冬至,第3候,細葉饅頭果,3,1,2
12,2023/01/01,冬至,第3候,球花嘉賜木,2.5,1,1
13,2023/01/01,冬至,第3候,相思樹,2.5,2,1
14,2023/01/01,冬至,第3候,血桐,2.5,1,1
14之1,2023/01/01,冬至,第3候,狗骨仔,2.5,1.5,3
15,2023/01/01,冬至,第3候,萬桃花,1,1,2
16,2023/01/01,冬至,第3候,山油麻,2.5,1,2
17,2023/01/01,冬至,第3候,構樹,2,1,1
18,2023/01/01,冬至,第3候,白毛臭牡丹,#N/A,#N/A,#N/A
19,2023/01/01,冬至,第3候,白匏子,2.5,1,2
19之1,2023/01/01,冬至,第3候,白匏子,2.5,1,2
20,2023/01/01,冬至,第3候,白匏子,2.5,1,1
21,2023/01/01,冬至,第3候,苦楝,2,1,1
21之1,2023/01/01,冬至,第3候,白毛臭牡丹,2,1,2
22,2023/01/01,冬至,第3候,狗骨仔,2.5,2,1
23,2023/01/01,冬至,第3候,降真香,2.5,1,3
24,2023/01/01,冬至,第3候,小錦蘭,2,1.5,1
25,2023/01/01,冬至,第3候,雙面刺,2,1,1
25之1,2023/01/01,冬至,第3候,紅珠藤,2.5,1,1
26,2023/01/01,冬至,第3候,大青,2.5,1,1
26之1,2023/01/01,冬至,第3候,狗花椒,2.5,1,1
27,2023/01/01,冬至,第3候,球花嘉賜木,3,1.5,1
28,2023/01/01,冬至,第3候,球花嘉賜木,3,1,3
29,2023/01/01,冬至,第3候,台灣野茉莉,2,1,1
30,2023/01/01,冬至,第3候,對面花,2.5,1,1
31,2023/01/01,冬至,第3候,狗花椒,2.5,1,1
32,2023/01/01,冬至,第3候,毛瓣蝴蝶木,2.5,1.5,1
32之1,2023/01/01,冬至,第3候,厚殼樹,2,1,2
33,2023/01/01,冬至,第3候,狗花椒,2.5,1,1
34,2023/01/01,冬至,第3候,狗花椒,2.5,1,1
35,2023/01/01,冬至,第3候,羊角藤,3,1,2
36,2023/01/01,冬至,第3候,朴樹,2,1,1
37,2023/01/01,冬至,第3候,裡白巴豆,2.5,1,1
38,2023/01/01,冬至,第3候,土密,2,1,3
39,2023/01/01,冬至,第3候,樟樹,2.5,1,1
0,2023/01/15,小寒,第2候,緬梔,2,2,1
1,2023/01/15,小寒,第2候,小梗木薑子,3,1,2
2,2023/01/15,小寒,第2候,相思樹,2.5,1,1
3,2023/01/15,小寒,第2候,降真香,2.5,1,2
4,2023/01/15,小寒,第2候,球花嘉賜木,3,1,1
5,2023/01/15,小寒,第2候,血桐,2.5,1,1
6,2023/01/15,小寒,第2候,灰木,2,1,1
7,2023/01/15,小寒,第2候,狗骨仔,3,1,1
8,2023/01/15,小寒,第2候,狗骨仔,2.5,1,2
9,2023/01/15,小寒,第2候,台灣赤楠,3,1,1
10,2023/01/15,小寒,第2候,台灣山桂花,2.5,1.5,2
11,2023/01/15,小寒,第2候,細葉饅頭果,3,1,2
12,2023/01/15,小寒,第2候,球花嘉賜木,2.5,1,1
13,2023/01/15,小寒,第2候,相思樹,2.5,2,1
14,2023/01/15,小寒,第2候,血桐,2.5,1,1
14之1,2023/01/15,小寒,第2候,狗骨仔,2.5,1.5,3
15,2023/01/15,小寒,第2候,萬桃花,1,1,2
16,2023/01/15,小寒,第2候,山油麻,2.5,1,2
17,2023/01/15,小寒,第2候,構樹,2,1,1
18,2023/01/15,小寒,第2候,白毛臭牡丹,#N/A,#N/A,#N/A
19,2023/01/15,小寒,第2候,白匏子,2.5,1,2
19之1,2023/01/15,小寒,第2候,白匏子,2.5,1,2
20,2023/01/15,小寒,第2候,白匏子,2.5,1,1
21,2023/01/15,小寒,第2候,苦楝,2,1,1
21之1,2023/01/15,小寒,第2候,白毛臭牡丹,2,1,2
22,2023/01/15,小寒,第2候,狗骨仔,2.5,2,1
23,2023/01/15,小寒,第2候,降真香,2.5,1,3
24,2023/01/15,小寒,第2候,小錦蘭,2,1.5,1
25,2023/01/15,小寒,第2候,雙面刺,2.5,1,1
25之1,2023/01/15,小寒,第2候,紅珠藤,2.5,1,1
26,2023/01/15,小寒,第2候,大青,2.5,1,1
26之1,2023/01/15,小寒,第2候,狗花椒,2.5,1,1
27,2023/01/15,小寒,第2候,球花嘉賜木,3,1.5,1
28,2023/01/15,小寒,第2候,球花嘉賜木,3,1,3
29,2023/01/15,小寒,第2候,台灣野茉莉,2,1,1
30,2023/01/15,小寒,第2候,對面花,2.5,1,1
31,2023/01/15,小寒,第2候,狗花椒,2.5,1,1
32,2023/01/15,小寒,第2候,毛瓣蝴蝶木,2.5,1.5,1
32之1,2023/01/15,小寒,第2候,厚殼樹,2,1,2
33,2023/01/15,小寒,第2候,狗花椒,2.5,1,1
34,2023/01/15,小寒,第2候,狗花椒,2,1,1
35,2023/01/15,小寒,第2候,羊角藤,2.5,1,2
36,2023/01/15,小寒,第2候,朴樹,2,1,1
37,2023/01/15,小寒,第2候,裡白巴豆,2.5,1,1
38,2023/01/15,小寒,第2候,土密,2,1,3
39,2023/01/15,小寒,第2候,樟樹,2.5,1,1
0,2023/01/29,大寒,第2候,緬梔,2,2,1
1,2023/01/29,大寒,第2候,小梗木薑子,3,1,2
2,2023/01/29,大寒,第2候,相思樹,2.5,1,1
3,2023/01/29,大寒,第2候,降真香,2.5,1,2
4,2023/01/29,大寒,第2候,球花嘉賜木,3,1,1
5,2023/01/29,大寒,第2候,血桐,2.5,1,1
6,2023/01/29,大寒,第2候,灰木,2,1,1
7,2023/01/29,大寒,第2候,狗骨仔,3,1,1
8,2023/01/29,大寒,第2候,狗骨仔,2.5,1,2
9,2023/01/29,大寒,第2候,台灣赤楠,3,1,1
10,2023/01/29,大寒,第2候,台灣山桂花,2.5,1.5,2
11,2023/01/29,大寒,第2候,細葉饅頭果,2.5,1,1
12,2023/01/29,大寒,第2候,球花嘉賜木,3,2,1
13,2023/01/29,大寒,第2候,相思樹,2.5,2,1
14,2023/01/29,大寒,第2候,血桐,2.5,1,1
14之1,2023/01/29,大寒,第2候,狗骨仔,2.5,1.5,2
15,2023/01/29,大寒,第2候,萬桃花,1,1,2
16,2023/01/29,大寒,第2候,山油麻,2.5,1,2
17,2023/01/29,大寒,第2候,構樹,2,1,1
18,2023/01/29,大寒,第2候,白毛臭牡丹,#N/A,#N/A,#N/A
19,2023/01/29,大寒,第2候,白匏子,2.5,1,2
19之1,2023/01/29,大寒,第2候,白匏子,2.5,1,2
20,2023/01/29,大寒,第2候,白匏子,2.5,1,1
21,2023/01/29,大寒,第2候,苦楝,1,1,1
21之1,2023/01/29,大寒,第2候,白毛臭牡丹,2,2,1
22,2023/01/29,大寒,第2候,狗骨仔,2.5,1.5,1
23,2023/01/29,大寒,第2候,降真香,3,1,2
24,2023/01/29,大寒,第2候,小錦蘭,3,1.5,1
25,2023/01/29,大寒,第2候,雙面刺,3,1,1
25之1,2023/01/29,大寒,第2候,紅珠藤,2.5,1,1
26,2023/01/29,大寒,第2候,大青,3,1,1
26之1,2023/01/29,大寒,第2候,狗花椒,2.5,1,1
27,2023/01/29,大寒,第2候,球花嘉賜木,3,2,1
28,2023/01/29,大寒,第2候,球花嘉賜木,3,1,3
29,2023/01/29,大寒,第2候,台灣野茉莉,1,1,1
30,2023/01/29,大寒,第2候,對面花,3,1,1
31,2023/01/29,大寒,第2候,狗花椒,3,1,1
32,2023/01/29,大寒,第2候,毛瓣蝴蝶木,2.5,2,1
32之1,2023/01/29,大寒,第2候,厚殼樹,2,1,1
33,2023/01/29,大寒,第2候,狗花椒,2.5,1,1
34,2023/01/29,大寒,第2候,狗花椒,2,1,1
35,2023/01/29,大寒,第2候,羊角藤,3,1,2
36,2023/01/29,大寒,第2候,朴樹,2,1,1
37,2023/01/29,大寒,第2候,裡白巴豆,2.5,1,1
38,2023/01/29,大寒,第2候,土密,3,1,2
39,2023/01/29,大寒,第2候,樟樹,2.5,1,1
0,2023/02/06,立春,第1候,緬梔,2,2,1
1,2023/02/06,立春,第1候,小梗木薑子,3,1,2
2,2023/02/06,立春,第1候,相思樹,2.5,1,1
3,2023/02/06,立春,第1候,降真香,2.5,1,2
4,2023/02/06,立春,第1候,球花嘉賜木,3,1,1
5,2023/02/06,立春,第1候,血桐,2.5,1,1
6,2023/02/06,立春,第1候,灰木,2,1,1
7,2023/02/06,立春,第1候,狗骨仔,3,1,1
8,2023/02/06,立春,第1候,狗骨仔,2.5,1,2
9,2023/02/06,立春,第1候,台灣赤楠,3,1,1
10,2023/02/06,立春,第1候,台灣山桂花,2.5,1.5,2
11,2023/02/06,立春,第1候,細葉饅頭果,2.5,1,1
12,2023/02/06,立春,第1候,球花嘉賜木,3,2,1
13,2023/02/06,立春,第1候,相思樹,2.5,2,1
14,2023/02/06,立春,第1候,血桐,2.5,1,1
14之1,2023/02/06,立春,第1候,狗骨仔,2.5,1.5,2
15,2023/02/06,立春,第1候,萬桃花,1,1,2
16,2023/02/06,立春,第1候,山油麻,2.5,1,1
17,2023/02/06,立春,第1候,構樹,2,1,1
18,2023/02/06,立春,第1候,白毛臭牡丹,#N/A,#N/A,#N/A
19,2023/02/06,立春,第1候,白匏子,2.5,1,2
19之1,2023/02/06,立春,第1候,白匏子,2.5,1,2
20,2023/02/06,立春,第1候,白匏子,2.5,1,1
21,2023/02/06,立春,第1候,苦楝,2,1,1
21之1,2023/02/06,立春,第1候,白毛臭牡丹,2,2,1
22,2023/02/06,立春,第1候,狗骨仔,2.5,1.5,1
23,2023/02/06,立春,第1候,降真香,3,1,2
24,2023/02/06,立春,第1候,小錦蘭,3,1.5,1
25,2023/02/06,立春,第1候,雙面刺,3,1.5,1
25之1,2023/02/06,立春,第1候,紅珠藤,2.5,1,1
26,2023/02/06,立春,第1候,大青,3,1,1
26之1,2023/02/06,立春,第1候,狗花椒,2.5,1,1
27,2023/02/06,立春,第1候,球花嘉賜木,3,2,1
28,2023/02/06,立春,第1候,球花嘉賜木,3,1,3
29,2023/02/06,立春,第1候,台灣野茉莉,1,1,1
30,2023/02/06,立春,第1候,對面花,3,1,1
31,2023/02/06,立春,第1候,狗花椒,3,1,1
32,2023/02/06,立春,第1候,毛瓣蝴蝶木,2.5,2,1
32之1,2023/02/06,立春,第1候,厚殼樹,2,1,1
33,2023/02/06,立春,第1候,狗花椒,2.5,1,1
34,2023/02/06,立春,第1候,狗花椒,2,1,1
35,2023/02/06,立春,第1候,羊角藤,3,1,2
36,2023/02/06,立春,第1候,朴樹,2,1,1
37,2023/02/06,立春,第1候,裡白巴豆,2.5,1,1
38,2023/02/06,立春,第1候,土密,3,1,2
39,2023/02/06,立春,第1候,樟樹,2.5,1,1
0,2023/02/19,雨水,第1候,緬梔,2,2,1
1,2023/02/19,雨水,第1候,小梗木薑子,3,1,2
2,2023/02/19,雨水,第1候,相思樹,2.5,1,1
3,2023/02/19,雨水,第1候,降真香,2.5,1,2
4,2023/02/19,雨水,第1候,球花嘉賜木,3,1,1
5,2023/02/19,雨水,第1候,血桐,2.5,1,1
6,2023/02/19,雨水,第1候,灰木,2,1,1
7,2023/02/19,雨水,第1候,狗骨仔,3,1,1
8,2023/02/19,雨水,第1候,狗骨仔,2.5,1,2
9,2023/02/19,雨水,第1候,台灣赤楠,2.5,1,1
10,2023/02/19,雨水,第1候,台灣山桂花,2.5,2,2
11,2023/02/19,雨水,第1候,細葉饅頭果,2.5,1,1
12,2023/02/19,雨水,第1候,球花嘉賜木,3,2,1
13,2023/02/19,雨水,第1候,相思樹,2.5,2,1
14,2023/02/19,雨水,第1候,血桐,2.5,1,1
14之1,2023/02/19,雨水,第1候,狗骨仔,2.5,1.5,2
15,2023/02/19,雨水,第1候,萬桃花,1,1,2
16,2023/02/19,雨水,第1候,山油麻,2.5,1,1
17,2023/02/19,雨水,第1候,構樹,2,1,1
18,2023/02/19,雨水,第1候,白毛臭牡丹,#N/A,#N/A,#N/A
19,2023/02/19,雨水,第1候,白匏子,2.5,1,1
19之1,2023/02/19,雨水,第1候,白匏子,2.5,1,1
20,2023/02/19,雨水,第1候,白匏子,2.5,1,1
21,2023/02/19,雨水,第1候,苦楝,2,1,1
21之1,2023/02/19,雨水,第1候,白毛臭牡丹,2,2,1
22,2023/02/19,雨水,第1候,狗骨仔,2.5,2,1
23,2023/02/19,雨水,第1候,降真香,3,1,2
24,2023/02/19,雨水,第1候,小錦蘭,3,1.5,1
25,2023/02/19,雨水,第1候,雙面刺,2.5,1.5,1
25之1,2023/02/19,雨水,第1候,紅珠藤,2.5,1,1
26,2023/02/19,雨水,第1候,大青,3,1,1
26之1,2023/02/19,雨水,第1候,狗花椒,2.5,1,1
27,2023/02/19,雨水,第1候,球花嘉賜木,3,2,1
28,2023/02/19,雨水,第1候,球花嘉賜木,3,1,3
29,2023/02/19,雨水,第1候,台灣野茉莉,2,1,1
30,2023/02/19,雨水,第1候,對面花,3,1,1
31,2023/02/19,雨水,第1候,狗花椒,3,1,1
32,2023/02/19,雨水,第1候,毛瓣蝴蝶木,2.5,2,1
32之1,2023/02/19,雨水,第1候,厚殼樹,2,1,1
33,2023/02/19,雨水,第1候,狗花椒,2.5,1,1
34,2023/02/19,雨水,第1候,狗花椒,2.5,1,1
35,2023/02/19,雨水,第1候,羊角藤,2.5,1,2
36,2023/02/19,雨水,第1候,朴樹,2,1,1
37,2023/02/19,雨水,第1候,裡白巴豆,2.5,1,1
38,2023/02/19,雨水,第1候,土密,3,1,1
39,2023/02/19,雨水,第1候,樟樹,2.5,1,1
0,2023/02/28,雨水,第2候,緬梔,2,2,1
1,2023/02/28,雨水,第2候,小梗木薑子,3,1,2
2,2023/02/28,雨水,第2候,相思樹,2.5,1,1
3,2023/02/28,雨水,第2候,降真香,2.5,1,2
4,2023/02/28,雨水,第2候,球花嘉賜木,3,1,1
5,2023/02/28,雨水,第2候,血桐,2.5,1,1
6,2023/02/28,雨水,第2候,灰木,2,1,1
7,2023/02/28,雨水,第2候,狗骨仔,3,1,1
8,2023/02/28,雨水,第2候,狗骨仔,2.5,1,1
9,2023/02/28,雨水,第2候,台灣赤楠,2.5,1,1
10,2023/02/28,雨水,第2候,台灣山桂花,2.5,3,1
11,2023/02/28,雨水,第2候,細葉饅頭果,2.5,1,1
12,2023/02/28,雨水,第2候,球花嘉賜木,3,2,1
13,2023/02/28,雨水,第2候,相思樹,2.5,2,1
14,2023/02/28,雨水,第2候,血桐,2.5,1,1
14之1,2023/02/28,雨水,第2候,狗骨仔,2.5,1.5,2
15,2023/02/28,雨水,第2候,萬桃花,1,1,2
16,2023/02/28,雨水,第2候,山油麻,2.5,1,1
17,2023/02/28,雨水,第2候,構樹,2,1,1
18,2023/02/28,雨水,第2候,白毛臭牡丹,#N/A,#N/A,#N/A
19,2023/02/28,雨水,第2候,白匏子,2.5,1,1
19之1,2023/02/28,雨水,第2候,白匏子,2.5,1,1
20,2023/02/28,雨水,第2候,白匏子,2.5,1,1
21,2023/02/28,雨水,第2候,苦楝,2,1,1
21之1,2023/02/28,雨水,第2候,白毛臭牡丹,2,2,1
22,2023/02/28,雨水,第2候,狗骨仔,2.5,2,1
23,2023/02/28,雨水,第2候,降真香,3,1,2
24,2023/02/28,雨水,第2候,小錦蘭,3,1.5,1
25,2023/02/28,雨水,第2候,雙面刺,2.5,2,1
25之1,2023/02/28,雨水,第2候,紅珠藤,2.5,1,1
26,2023/02/28,雨水,第2候,大青,3,1,1
26之1,2023/02/28,雨水,第2候,狗花椒,2.5,1,1
27,2023/02/28,雨水,第2候,球花嘉賜木,3,2,1
28,2023/02/28,雨水,第2候,球花嘉賜木,3,1,3
29,2023/02/28,雨水,第2候,台灣野茉莉,2,1.5,1
30,2023/02/28,雨水,第2候,對面花,3,1,1
31,2023/02/28,雨水,第2候,狗花椒,3,1,1
32,2023/02/28,雨水,第2候,毛瓣蝴蝶木,2.5,2,1
32之1,2023/02/28,雨水,第2候,厚殼樹,2,1,1
33,2023/02/28,雨水,第2候,狗花椒,2.5,1,1
34,2023/02/28,雨水,第2候,狗花椒,2.5,1,1
35,2023/02/28,雨水,第2候,羊角藤,2.5,1,1
36,2023/02/28,雨水,第2候,朴樹,2,1,1
37,2023/02/28,雨水,第2候,裡白巴豆,2.5,1,1
38,2023/02/28,雨水,第2候,土密,2.5,1,1
39,2023/02/28,雨水,第2候,樟樹,2.5,2,1
0,2023/03/04,雨水,第3候,緬梔,2.5,1,1
1,2023/03/04,雨水,第3候,小梗木薑子,2.5,1,2
2,2023/03/04,雨水,第3候,相思樹,2.5,1,1
3,2023/03/04,雨水,第3候,降真香,2.5,1,1
4,2023/03/04,雨水,第3候,球花嘉賜木,3,1,1
5,2023/03/04,雨水,第3候,血桐,2.5,1,1
6,2023/03/04,雨水,第3候,灰木,2,1.5,1
7,2023/03/04,雨水,第3候,狗骨仔,3,1,1
8,2023/03/04,雨水,第3候,狗骨仔,2.5,1,1
9,2023/03/04,雨水,第3候,台灣赤楠,2.5,1,1
10,2023/03/04,雨水,第3候,台灣山桂花,2.5,3,1
11,2023/03/04,雨水,第3候,細葉饅頭果,2.5,1,1
12,2023/03/04,雨水,第3候,球花嘉賜木,3,2,1
13,2023/03/04,雨水,第3候,相思樹,2.5,1,1
14,2023/03/04,雨水,第3候,血桐,2.5,1,1
14之1,2023/03/04,雨水,第3候,狗骨仔,3,1,2
15,2023/03/04,雨水,第3候,萬桃花,1,1,2
16,2023/03/04,雨水,第3候,山油麻,2.5,1,1
17,2023/03/04,雨水,第3候,構樹,2,1,1
18,2023/03/04,雨水,第3候,白毛臭牡丹,2.5,2,1
19,2023/03/04,雨水,第3候,白匏子,2.5,1,1
19之1,2023/03/04,雨水,第3候,白匏子,2.5,1,2
20,2023/03/04,雨水,第3候,白匏子,2.5,1,1
21,2023/03/04,雨水,第3候,苦楝,2,1.5,1
21之1,2023/03/04,雨水,第3候,白毛臭牡丹,2.5,2,2
22,2023/03/04,雨水,第3候,狗骨仔,2.5,1.5,1
23,2023/03/04,雨水,第3候,降真香,3,1,2
24,2023/03/04,雨水,第3候,小錦蘭,3,1.5,1
25,2023/03/04,雨水,第3候,雙面刺,2.5,2,1
25之1,2023/03/04,雨水,第3候,紅珠藤,2.5,1,1
31,2023/03/04,雨水,第3候,狗花椒,2.5,1.5,1
26,2023/03/04,雨水,第3候,大青,2.5,1,1
27,2023/03/04,雨水,第3候,球花嘉賜木,3,1,1
28,2023/03/04,雨水,第3候,球花嘉賜木,2.5,1,2
33,2023/03/04,雨水,第3候,狗花椒,2.5,1.5,1
34,2023/03/04,雨水,第3候,狗花椒,2.5,1,1
29,2023/03/04,雨水,第3候,台灣野茉莉,2,1.5,1
30,2023/03/04,雨水,第3候,對面花,2.5,1,1
37,2023/03/04,雨水,第3候,裡白巴豆,2.5,1,1
36,2023/03/04,雨水,第3候,朴樹,2,1,1
38,2023/03/04,雨水,第3候,土密,2.5,1,1
39,2023/03/04,雨水,第3候,樟樹,2.5,1.5,1
35,2023/03/04,雨水,第3候,羊角藤,2.5,1,1
32之1,2023/03/04,雨水,第3候,厚殼樹,1,1,1
32,2023/03/04,雨水,第3候,毛瓣蝴蝶木,2.5,2,1
0,2023/03/18,驚蟄,第3候,緬梔,2.5,2,1
1,2023/03/18,驚蟄,第3候,小梗木薑子,2.5,1,1
2,2023/03/18,驚蟄,第3候,相思樹,2.5,1,1
3,2023/03/18,驚蟄,第3候,降真香,2.5,1,1
4,2023/03/18,驚蟄,第3候,球花嘉賜木,3,1,2
5,2023/03/18,驚蟄,第3候,血桐,2.5,1.5,1
6,2023/03/18,驚蟄,第3候,灰木,2.5,1.5,1
7,2023/03/18,驚蟄,第3候,狗骨仔,2.5,1,1
8,2023/03/18,驚蟄,第3候,狗骨仔,2.5,1,1
9,2023/03/18,驚蟄,第3候,台灣赤楠,2.5,1.5,1
10,2023/03/18,驚蟄,第3候,台灣山桂花,2.5,1,3
11,2023/03/18,驚蟄,第3候,細葉饅頭果,2.5,1,1
12,2023/03/18,驚蟄,第3候,球花嘉賜木,2.5,1,1
13,2023/03/18,驚蟄,第3候,相思樹,2.5,2,1
14,2023/03/18,驚蟄,第3候,血桐,2.5,1.5,1
14之1,2023/03/18,驚蟄,第3候,狗骨仔,2.5,1.5,2
15,2023/03/18,驚蟄,第3候,萬桃花,1,1,2
16,2023/03/18,驚蟄,第3候,山油麻,2.5,1,1
17,2023/03/18,驚蟄,第3候,構樹,2.5,1,1
18,2023/03/18,驚蟄,第3候,白毛臭牡丹,2.5,3,2
19,2023/03/18,驚蟄,第3候,白匏子,2.5,1,1
19之1,2023/03/18,驚蟄,第3候,白匏子,2.5,1,2
20,2023/03/18,驚蟄,第3候,白匏子,2.5,1,1
21,2023/03/18,驚蟄,第3候,苦楝,2,2,1
21之1,2023/03/18,驚蟄,第3候,白毛臭牡丹,2.5,2,2
22,2023/03/18,驚蟄,第3候,狗骨仔,2.5,2,1
23,2023/03/18,驚蟄,第3候,降真香,3,1,2
24,2023/03/18,驚蟄,第3候,小錦蘭,3,1.5,1
25,2023/03/18,驚蟄,第3候,雙面刺,2.5,1.5,1
25之1,2023/03/18,驚蟄,第3候,紅珠藤,2.5,1,1
31,2023/03/18,驚蟄,第3候,狗花椒,3,1,1
26,2023/03/18,驚蟄,第3候,大青,2.5,1,1
27,2023/03/18,驚蟄,第3候,球花嘉賜木,3,1,1
28,2023/03/18,驚蟄,第3候,球花嘉賜木,2.5,1,2
34,2023/03/18,驚蟄,第3候,狗花椒,2.5,1,1
33,2023/03/18,驚蟄,第3候,狗花椒,2.5,1,1
29,2023/03/18,驚蟄,第3候,台灣野茉莉,2.5,2,1
30,2023/03/18,驚蟄,第3候,對面花,1,1,1
37,2023/03/18,驚蟄,第3候,裡白巴豆,2.5,1,1
36,2023/03/18,驚蟄,第3候,朴樹,2.5,3,1
38,2023/03/18,驚蟄,第3候,土密,2.5,1,1
39,2023/03/18,驚蟄,第3候,樟樹,2.5,3,1
35,2023/03/18,驚蟄,第3候,羊角藤,2.5,1,1
32之1,2023/03/18,驚蟄,第3候,厚殼樹,1,1,1
32,2023/03/18,驚蟄,第3候,毛瓣蝴蝶木,2.5,2,1
0,2023/04/01,春分,第3候,緬梔,2.5,2,1
32之1,2023/04/01,春分,第3候,厚殼樹,2,1,1
32,2023/04/01,春分,第3候,毛瓣蝴蝶木,2.5,2,1
1,2023/04/01,春分,第3候,小梗木薑子,2.5,1,1
2,2023/04/01,春分,第3候,相思樹,2.5,1,1
3,2023/04/01,春分,第3候,降真香,2.5,1.5,2
4,2023/04/01,春分,第3候,球花嘉賜木,3,1,1
5,2023/04/01,春分,第3候,血桐,2.5,1.5,1
6,2023/04/01,春分,第3候,灰木,2.5,2,1
7,2023/04/01,春分,第3候,狗骨仔,2.5,2,1
8,2023/04/01,春分,第3候,狗骨仔,2.5,2,1
9,2023/04/01,春分,第3候,台灣赤楠,2.5,1.5,1
10,2023/04/01,春分,第3候,台灣山桂花,2.5,1,3
11,2023/04/01,春分,第3候,細葉饅頭果,2.5,2,1
12,2023/04/01,春分,第3候,球花嘉賜木,2.5,1,1
13,2023/04/01,春分,第3候,相思樹,2.5,1,1
14,2023/04/01,春分,第3候,血桐,2.5,3,1
14之1,2023/04/01,春分,第3候,狗骨仔,2.5,1.5,2
15,2023/04/01,春分,第3候,萬桃花,1,1,1
16,2023/04/01,春分,第3候,山油麻,2.5,1,1
17,2023/04/01,春分,第3候,構樹,2.5,3,1
18,2023/04/01,春分,第3候,白毛臭牡丹,2.5,2,2
19,2023/04/01,春分,第3候,白匏子,2.5,1,1
19之1,2023/04/01,春分,第3候,白匏子,2.5,1,1
20,2023/04/01,春分,第3候,白匏子,2.5,1,1
21,2023/04/01,春分,第3候,苦楝,2.5,3,1
21之1,2023/04/01,春分,第3候,白毛臭牡丹,2.5,1,2
22,2023/04/01,春分,第3候,狗骨仔,2.5,3,1
23,2023/04/01,春分,第3候,降真香,2.5,1,3
24,2023/04/01,春分,第3候,小錦蘭,3,3,1
25,2023/04/01,春分,第3候,雙面刺,2.5,1.5,1
25之1,2023/04/01,春分,第3候,紅珠藤,2.5,1,1
35,2023/04/01,春分,第3候,羊角藤,2.5,1,1
31,2023/04/01,春分,第3候,狗花椒,2.5,1,1
26,2023/04/01,春分,第3候,大青,2.5,1,1
26之1,2023/04/01,春分,第3候,狗花椒,2.5,1,1
27,2023/04/01,春分,第3候,球花嘉賜木,2.5,1,1
28,2023/04/01,春分,第3候,球花嘉賜木,2.5,1,1
34,2023/04/01,春分,第3候,狗花椒,2.5,1,1
33,2023/04/01,春分,第3候,狗花椒,2.5,1,1
29,2023/04/01,春分,第3候,台灣野茉莉,2.5,3,1
30,2023/04/01,春分,第3候,對面花,2,1,1
37,2023/04/01,春分,第3候,裡白巴豆,2.5,1,2
36,2023/04/01,春分,第3候,朴樹,2.5,1,3
38,2023/04/01,春分,第3候,土密,2.5,1,1
39,2023/04/01,春分,第3候,樟樹,2.5,3,1
0,2023/04/15,清明,第3候,緬梔,2.5,2,1
1,2023/04/15,清明,第3候,小梗木薑子,2.5,1,1
2,2023/04/15,清明,第3候,相思樹,2.5,1,1
3,2023/04/15,清明,第3候,降真香,2.5,1.5,1
5,2023/04/15,清明,第3候,血桐,2.5,3,1
4,2023/04/15,清明,第3候,球花嘉賜木,2.5,1,1
6,2023/04/15,清明,第3候,灰木,2.5,2,1
7,2023/04/15,清明,第3候,狗骨仔,2.5,3,1
8,2023/04/15,清明,第3候,狗骨仔,2.5,2,1
9,2023/04/15,清明,第3候,台灣赤楠,2.5,2,1
10,2023/04/15,清明,第3候,台灣山桂花,2.5,1,3
11,2023/04/15,清明,第3候,細葉饅頭果,2.5,2,2
16,2023/04/15,清明,第3候,山油麻,2.5,1.5,1
14,2023/04/15,清明,第3候,血桐,2.5,3,1
14之1,2023/04/15,清明,第3候,狗骨仔,2.5,1.5,2
13,2023/04/15,清明,第3候,相思樹,2.5,2,1
17,2023/04/15,清明,第3候,構樹,2.5,3,1
18,2023/04/15,清明,第3候,白毛臭牡丹,2.5,1,2
19,2023/04/15,清明,第3候,白匏子,2.5,1,1
19之1,2023/04/15,清明,第3候,白匏子,2.5,1,1
20,2023/04/15,清明,第3候,白匏子,2.5,1,1
21,2023/04/15,清明,第3候,苦楝,2.5,2,1
21之1,2023/04/15,清明,第3候,白毛臭牡丹,2.5,2,1
22,2023/04/15,清明,第3候,狗骨仔,2.5,3,1
23,2023/04/15,清明,第3候,降真香,2.5,1,2
25,2023/04/15,清明,第3候,雙面刺,2.5,3,1
24,2023/04/15,清明,第3候,小錦蘭,3,1,1
25之1,2023/04/15,清明,第3候,紅珠藤,2.5,1,1
31,2023/04/15,清明,第3候,狗花椒,2.5,1,1
26,2023/04/15,清明,第3候,大青,2.5,1,1
27,2023/04/15,清明,第3候,球花嘉賜木,2.5,1,1
28,2023/04/15,清明,第3候,球花嘉賜木,2.5,1,1
29,2023/04/15,清明,第3候,台灣野茉莉,2.5,1,2
30,2023/04/15,清明,第3候,對面花,2,1,1
33,2023/04/15,清明,第3候,狗花椒,2.5,1,1
34,2023/04/15,清明,第3候,狗花椒,2.5,1,1
37,2023/04/15,清明,第3候,裡白巴豆,2.5,2,3
36,2023/04/15,清明,第3候,朴樹,2.5,1,3
38,2023/04/15,清明,第3候,土密,2.5,1,1
39,2023/04/15,清明,第3候,樟樹,2.5,3,1
35,2023/04/15,清明,第3候,羊角藤,2.5,1,1
32之1,2023/04/15,清明,第3候,厚殼樹,2.5,1.5,1
32,2023/04/15,清明,第3候,毛瓣蝴蝶木,2.5,1.5,2
0,2023/04/30,穀雨,第3候,緬梔,2.5,2,1
1,2023/04/30,穀雨,第3候,小梗木薑子,2.5,1,1
2,2023/04/30,穀雨,第3候,相思樹,2.5,1,1
3,2023/04/30,穀雨,第3候,降真香,2.5,1.5,1
4,2023/04/30,穀雨,第3候,球花嘉賜木,2.5,1,1
5,2023/04/30,穀雨,第3候,血桐,2.5,1,3
6,2023/04/30,穀雨,第3候,灰木,2.5,1,2
7,2023/04/30,穀雨,第3候,狗骨仔,2.5,1,1
8,2023/04/30,穀雨,第3候,狗骨仔,2.5,1.5,1
9,2023/04/30,穀雨,第3候,台灣赤楠,2.5,3,1
10,2023/04/30,穀雨,第3候,台灣山桂花,2.5,1,3
11,2023/04/30,穀雨,第3候,細葉饅頭果,2.5,1,3
12,2023/04/30,穀雨,第3候,球花嘉賜木,2.5,1,1
13,2023/04/30,穀雨,第3候,相思樹,2.5,3,1
14,2023/04/30,穀雨,第3候,血桐,2.5,3,1
14之1,2023/04/30,穀雨,第3候,狗骨仔,2.5,2,1
16,2023/04/30,穀雨,第3候,山油麻,2.5,2,1
17,2023/04/30,穀雨,第3候,構樹,2.5,1,3
18,2023/04/30,穀雨,第3候,白毛臭牡丹,2.5,1,1
19,2023/04/30,穀雨,第3候,白匏子,2.5,1,1
19之1,2023/04/30,穀雨,第3候,白匏子,2.5,1,1
20,2023/04/30,穀雨,第3候,白匏子,2.5,1,1
21,2023/04/30,穀雨,第3候,苦楝,2.5,2,1
21之1,2023/04/30,穀雨,第3候,白毛臭牡丹,2.5,2,1
15,2023/04/30,穀雨,第3候,萬桃花,2.5,3,3
22,2023/04/30,穀雨,第3候,狗骨仔,2.5,2,1
23,2023/04/30,穀雨,第3候,降真香,2.5,1,2
24,2023/04/30,穀雨,第3候,小錦蘭,3,1.5,1
25,2023/04/30,穀雨,第3候,雙面刺,2.5,2,1
25之1,2023/04/30,穀雨,第3候,紅珠藤,2.5,1,1
31,2023/04/30,穀雨,第3候,狗花椒,2.5,1,1
26,2023/04/30,穀雨,第3候,大青,2.5,1,1
26之1,2023/04/30,穀雨,第3候,狗花椒,2.5,1,1
27,2023/04/30,穀雨,第3候,球花嘉賜木,2.5,1,1
28,2023/04/30,穀雨,第3候,球花嘉賜木,2.5,1,1
33,2023/04/30,穀雨,第3候,狗花椒,2.5,1,1
34,2023/04/30,穀雨,第3候,狗花椒,2.5,1,1
29,2023/04/30,穀雨,第3候,台灣野茉莉,2.5,2,2
30,2023/04/30,穀雨,第3候,對面花,2.5,2,1
37,2023/04/30,穀雨,第3候,裡白巴豆,2.5,2,2
36,2023/04/30,穀雨,第3候,朴樹,2.5,1,3
38,2023/04/30,穀雨,第3候,土密,2.5,1,1
39,2023/04/30,穀雨,第3候,樟樹,2.5,1,3
35,2023/04/30,穀雨,第3候,羊角藤,2.5,1.5,1
32,2023/04/30,穀雨,第3候,毛瓣蝴蝶木,2.5,2,1
32之1,2023/04/30,穀雨,第3候,厚殼樹,2.5,3,1
0,2023/05/06,立夏,第1候,緬梔,2.5,3,1
1,2023/05/06,立夏,第1候,小梗木薑子,2.5,1,1
2,2023/05/06,立夏,第1候,相思樹,2.5,1,1
5,2023/05/06,立夏,第1候,血桐,2.5,1,3
6,2023/05/06,立夏,第1候,灰木,2.5,1,2
3,2023/05/06,立夏,第1候,降真香,2.5,1.5,1
4,2023/05/06,立夏,第1候,球花嘉賜木,2.5,1,1
7,2023/05/06,立夏,第1候,狗骨仔,2.5,1,1
8,2023/05/06,立夏,第1候,狗骨仔,2.5,1.5,1
9,2023/05/06,立夏,第1候,台灣赤楠,2.5,1,1
10,2023/05/06,立夏,第1候,台灣山桂花,2.5,1,3
11,2023/05/06,立夏,第1候,細葉饅頭果,2.5,1,2
12,2023/05/06,立夏,第1候,球花嘉賜木,2.5,2,1
13,2023/05/06,立夏,第1候,相思樹,2.5,3,1
14之1,2023/05/06,立夏,第1候,狗骨仔,2.5,2,2
14,2023/05/06,立夏,第1候,血桐,2.5,1,1
16,2023/05/06,立夏,第1候,山油麻,2.5,2,1
17,2023/05/06,立夏,第1候,構樹,2.5,1,3
18,2023/05/06,立夏,第1候,白毛臭牡丹,2.5,1,1
19,2023/05/06,立夏,第1候,白匏子,2.5,1,1
19之1,2023/05/06,立夏,第1候,白匏子,2.5,1,1
20,2023/05/06,立夏,第1候,白匏子,2.5,1,1
21,2023/05/06,立夏,第1候,苦楝,2.5,1,2
15,2023/05/06,立夏,第1候,萬桃花,2.5,3,3
21之1,2023/05/06,立夏,第1候,白毛臭牡丹,2.5,3,2
22,2023/05/06,立夏,第1候,狗骨仔,2.5,2,1
23,2023/05/06,立夏,第1候,降真香,2.5,1,2
24,2023/05/06,立夏,第1候,小錦蘭,2.5,1,1
25,2023/05/06,立夏,第1候,雙面刺,2.5,1,1
25之1,2023/05/06,立夏,第1候,紅珠藤,2.5,1.5,1
31,2023/05/06,立夏,第1候,狗花椒,2.5,1,1
26,2023/05/06,立夏,第1候,大青,2.5,1,1
27,2023/05/06,立夏,第1候,球花嘉賜木,2.5,2,1
28,2023/05/06,立夏,第1候,球花嘉賜木,2.5,2,1
33,2023/05/06,立夏,第1候,狗花椒,2.5,1,1
34,2023/05/06,立夏,第1候,狗花椒,2.5,1,1
29,2023/05/06,立夏,第1候,台灣野茉莉,2.5,1,2
30,2023/05/06,立夏,第1候,對面花,2.5,3,1
37,2023/05/06,立夏,第1候,裡白巴豆,2.5,2,2
36,2023/05/06,立夏,第1候,朴樹,2.5,1,3
38,2023/05/06,立夏,第1候,土密,2.5,1,1
39,2023/05/06,立夏,第1候,樟樹,2.5,1,3
35,2023/05/06,立夏,第1候,羊角藤,2.5,1.5,1
32之1,2023/05/06,立夏,第1候,厚殼樹,2.5,3,1
32,2023/05/06,立夏,第1候,毛瓣蝴蝶木,2.5,2,1
0,2023/05/13,立夏,第2候,緬梔,2.5,3,1
1,2023/05/13,立夏,第2候,小梗木薑子,2.5,1,1
2,2023/05/13,立夏,第2候,相思樹,2.5,1,1
3,2023/05/13,立夏,第2候,降真香,2.5,1.5,1
5,2023/05/13,立夏,第2候,血桐,2.5,1,3
4,2023/05/13,立夏,第2候,球花嘉賜木,2.5,1,1
6,2023/05/13,立夏,第2候,灰木,2.5,1,2
7,2023/05/13,立夏,第2候,狗骨仔,2.5,1,1
8,2023/05/13,立夏,第2候,狗骨仔,2.5,2,1
9,2023/05/13,立夏,第2候,台灣赤楠,2.5,2,3
10,2023/05/13,立夏,第2候,台灣山桂花,2.5,1,3
11,2023/05/13,立夏,第2候,細葉饅頭果,2.5,1,2
12,2023/05/13,立夏,第2候,球花嘉賜木,2.5,1,1
13,2023/05/13,立夏,第2候,相思樹,2.5,3,1
14,2023/05/13,立夏,第2候,血桐,2.5,1,1
14之1,2023/05/13,立夏,第2候,狗骨仔,2.5,1.5,3
16,2023/05/13,立夏,第2候,山油麻,2.5,3,3
17,2023/05/13,立夏,第2候,構樹,2.5,1,3
18,2023/05/13,立夏,第2候,白毛臭牡丹,2.5,2,1
19,2023/05/13,立夏,第2候,白匏子,2.5,1,1
19之1,2023/05/13,立夏,第2候,白匏子,2.5,1,1
20,2023/05/13,立夏,第2候,白匏子,2.5,1,1
21,2023/05/13,立夏,第2候,苦楝,2.5,1,2
21之1,2023/05/13,立夏,第2候,白毛臭牡丹,2.5,3,1
15,2023/05/13,立夏,第2候,萬桃花,2.5,3,3
22,2023/05/13,立夏,第2候,狗骨仔,2.5,1.5,1
23,2023/05/13,立夏,第2候,降真香,2.5,1.5,1
24,2023/05/13,立夏,第2候,小錦蘭,2.5,1,1
25,2023/05/13,立夏,第2候,雙面刺,2.5,1,1
25之1,2023/05/13,立夏,第2候,紅珠藤,2.5,3,1
31,2023/05/13,立夏,第2候,狗花椒,2.5,1,1
26,2023/05/13,立夏,第2候,大青,2.5,1,1
26之1,2023/05/13,立夏,第2候,狗花椒,2.5,1,1
27,2023/05/13,立夏,第2候,球花嘉賜木,2.5,1,1
28,2023/05/13,立夏,第2候,球花嘉賜木,2.5,1,1
33,2023/05/13,立夏,第2候,狗花椒,2.5,1,1
34,2023/05/13,立夏,第2候,狗花椒,2.5,1,1
29,2023/05/13,立夏,第2候,台灣野茉莉,2.5,1,2
30,2023/05/13,立夏,第2候,對面花,2.5,2,1
37,2023/05/13,立夏,第2候,裡白巴豆,2.5,2,2
36,2023/05/13,立夏,第2候,朴樹,2.5,1,3
38,2023/05/13,立夏,第2候,土密,2.5,1,1
39,2023/05/13,立夏,第2候,樟樹,2.5,1,3
35,2023/05/13,立夏,第2候,羊角藤,2.5,1.5,1
32之1,2023/05/13,立夏,第2候,厚殼樹,2.5,2,1
32,2023/05/13,立夏,第2候,毛瓣蝴蝶木,2.5,1.5,1
25之2,2023/05/13,立夏,第2候,大肚山絡石,2.5,3,1
38之1,2023/05/13,立夏,第2候,羊角藤,2.5,1.5,1
38之2,2023/05/13,立夏,第2候,扛香藤,2.5,3,1
40,2023/05/13,立夏,第2候,烏臼,2.5,1,1
41,2023/05/13,立夏,第2候,構樹,2.5,1,1
42,2023/05/13,立夏,第2候,大肚山絡石,2.5,3,1
43,2023/05/13,立夏,第2候,灰木,2.5,1,1
0,2023/05/21,小滿,第1候,緬梔,2.5,3,1
1,2023/05/21,小滿,第1候,小梗木薑子,2.5,1,1
2,2023/05/21,小滿,第1候,相思樹,2.5,1,1
3,2023/05/21,小滿,第1候,降真香,2.5,2,1
4,2023/05/21,小滿,第1候,球花嘉賜木,2.5,1,1
5,2023/05/21,小滿,第1候,血桐,2.5,1,3
6,2023/05/21,小滿,第1候,灰木,2.5,1,2
7,2023/05/21,小滿,第1候,狗骨仔,2.5,1,1
8,2023/05/21,小滿,第1候,狗骨仔,2.5,1,2
9,2023/05/21,小滿,第1候,台灣赤楠,2.5,1,2
10,2023/05/21,小滿,第1候,台灣山桂花,2.5,1,3
11,2023/05/21,小滿,第1候,細葉饅頭果,2.5,1,2
12,2023/05/21,小滿,第1候,球花嘉賜木,2.5,1,1
13,2023/05/21,小滿,第1候,相思樹,2.5,3,1
14,2023/05/21,小滿,第1候,血桐,2.5,1,1
14之1,2023/05/21,小滿,第1候,狗骨仔,2.5,1,3
16,2023/05/21,小滿,第1候,山油麻,2.5,3,3
17,2023/05/21,小滿,第1候,構樹,2.5,1,3
18,2023/05/21,小滿,第1候,白毛臭牡丹,2.5,3,1
19,2023/05/21,小滿,第1候,白匏子,2.5,1,1
19之1,2023/05/21,小滿,第1候,白匏子,2.5,1,1
20,2023/05/21,小滿,第1候,白匏子,2.5,1,1
21,2023/05/21,小滿,第1候,苦楝,2.5,1,2
21之1,2023/05/21,小滿,第1候,白毛臭牡丹,2.5,3,3
15,2023/05/21,小滿,第1候,萬桃花,2.5,2,3
22,2023/05/21,小滿,第1候,狗骨仔,2.5,1,3
23,2023/05/21,小滿,第1候,降真香,2.5,1.5,1
24,2023/05/21,小滿,第1候,小錦蘭,2.5,1,1
25之1,2023/05/21,小滿,第1候,紅珠藤,2.5,2,1
25,2023/05/21,小滿,第1候,雙面刺,2.5,1,1
25之2,2023/05/21,小滿,第1候,大肚山絡石,2.5,2,1
31,2023/05/21,小滿,第1候,狗花椒,2.5,1,1
26,2023/05/21,小滿,第1候,大青,2.5,1,1
26之1,2023/05/21,小滿,第1候,狗花椒,2.5,1,1
27,2023/05/21,小滿,第1候,球花嘉賜木,2.5,1,1
28,2023/05/21,小滿,第1候,球花嘉賜木,2.5,1,1
34,2023/05/21,小滿,第1候,狗花椒,2.5,1.5,1
33,2023/05/21,小滿,第1候,狗花椒,2.5,1,1
29,2023/05/21,小滿,第1候,台灣野茉莉,2.5,1,2
30,2023/05/21,小滿,第1候,對面花,2.5,2,1
37,2023/05/21,小滿,第1候,裡白巴豆,2.5,2,1
36,2023/05/21,小滿,第1候,朴樹,2.5,1,3
38之2,2023/05/21,小滿,第1候,扛香藤,2.5,1,3
38之1,2023/05/21,小滿,第1候,羊角藤,2.5,2,1
38,2023/05/21,小滿,第1候,土密,2.5,1,1
39,2023/05/21,小滿,第1候,樟樹,2.5,1,3
40,2023/05/21,小滿,第1候,烏臼,2.5,1.5,1
32,2023/05/21,小滿,第1候,毛瓣蝴蝶木,3,1,2
41,2023/05/21,小滿,第1候,構樹,2.5,1,1
32之1,2023/05/21,小滿,第1候,厚殼樹,3,1,3
42,2023/05/21,小滿,第1候,大肚山絡石,2.5,1,1
43,2023/05/21,小滿,第1候,灰木,2.5,1.5,2
0,2023/05/27,小滿,第2候,緬梔,2.5,3,1
43,2023/05/27,小滿,第2候,灰木,2.5,1.5,2
32,2023/05/27,小滿,第2候,毛瓣蝴蝶木,2.5,1,1
32之1,2023/05/27,小滿,第2候,厚殼樹,3,1,3
42,2023/05/27,小滿,第2候,大肚山絡石,2.5,1,1
41,2023/05/27,小滿,第2候,構樹,2.5,1,1
35,2023/05/27,小滿,第2候,羊角藤,2.5,2,1
24,2023/05/27,小滿,第2候,小錦蘭,2.5,1,1
25之1,2023/05/27,小滿,第2候,紅珠藤,2.5,2,1
25,2023/05/27,小滿,第2候,雙面刺,2.5,1,1
25之2,2023/05/27,小滿,第2候,大肚山絡石,3,1,1
31,2023/05/27,小滿,第2候,狗花椒,2.5,1,1
26,2023/05/27,小滿,第2候,大青,2.5,1,1
26之1,2023/05/27,小滿,第2候,狗花椒,2.5,1,1
27,2023/05/27,小滿,第2候,球花嘉賜木,2.5,1,1
28,2023/05/27,小滿,第2候,球花嘉賜木,2.5,1,1
33,2023/05/27,小滿,第2候,狗花椒,2.5,1,1
34,2023/05/27,小滿,第2候,狗花椒,2.5,1.5,1
29,2023/05/27,小滿,第2候,台灣野茉莉,2.5,1,2
30,2023/05/27,小滿,第2候,對面花,2.5,1,1
37,2023/05/27,小滿,第2候,裡白巴豆,2.5,2,2
36,2023/05/27,小滿,第2候,朴樹,2.5,1,3
38之1,2023/05/27,小滿,第2候,羊角藤,2.5,2,1
38之2,2023/05/27,小滿,第2候,扛香藤,2.5,2,1
38,2023/05/27,小滿,第2候,土密,2.5,1,1
39,2023/05/27,小滿,第2候,樟樹,2.5,1,3
40,2023/05/27,小滿,第2候,烏臼,2.5,2,1
23,2023/05/27,小滿,第2候,降真香,2.5,1.5,1
22,2023/05/27,小滿,第2候,狗骨仔,2.5,2,1
21之1,2023/05/27,小滿,第2候,白毛臭牡丹,2.5,3,2
15,2023/05/27,小滿,第2候,萬桃花,2.5,2,3
21,2023/05/27,小滿,第2候,苦楝,2.5,1,2
20,2023/05/27,小滿,第2候,白匏子,2.5,1,1
19之1,2023/05/27,小滿,第2候,白匏子,2.5,1,1
19,2023/05/27,小滿,第2候,白匏子,2.5,1,1
18,2023/05/27,小滿,第2候,白毛臭牡丹,2.5,3,2
17,2023/05/27,小滿,第2候,構樹,2.5,1,3
16,2023/05/27,小滿,第2候,山油麻,2.5,3,2
14之1,2023/05/27,小滿,第2候,狗骨仔,2.5,1,3
14,2023/05/27,小滿,第2候,血桐,2.5,1,1
13,2023/05/27,小滿,第2候,相思樹,2.5,1,1
12,2023/05/27,小滿,第2候,球花嘉賜木,2.5,1,1
11,2023/05/27,小滿,第2候,細葉饅頭果,2.5,1,1
3,2023/05/27,小滿,第2候,降真香,2.5,2,1
4,2023/05/27,小滿,第2候,球花嘉賜木,2.5,1,1
5,2023/05/27,小滿,第2候,血桐,2.5,1,3
6,2023/05/27,小滿,第2候,灰木,2.5,1,2
7,2023/05/27,小滿,第2候,狗骨仔,2.5,1,1
8,2023/05/27,小滿,第2候,狗骨仔,2.5,1,1
9,2023/05/27,小滿,第2候,台灣赤楠,2.5,1,2
10,2023/05/27,小滿,第2候,台灣山桂花,2.5,1,3
2,2023/05/27,小滿,第2候,相思樹,2.5,1,1
1,2023/05/27,小滿,第2候,小梗木薑子,2.5,1,1
0,2023/06/04,小滿,第3候,緬梔,2.5,3,1
1,2023/06/04,小滿,第3候,小梗木薑子,2.5,1,1
2,2023/06/04,小滿,第3候,相思樹,2.5,1,1
3,2023/06/04,小滿,第3候,降真香,2.5,2,1
4,2023/06/04,小滿,第3候,球花嘉賜木,2.5,1,1
5,2023/06/04,小滿,第3候,血桐,2.5,1,3
6,2023/06/04,小滿,第3候,灰木,2.5,1,2
7,2023/06/04,小滿,第3候,狗骨仔,2.5,1,1
8,2023/06/04,小滿,第3候,狗骨仔,2.5,1,2
9,2023/06/04,小滿,第3候,台灣赤楠,3,1,2
10,2023/06/04,小滿,第3候,台灣山桂花,2.5,1,3
11,2023/06/04,小滿,第3候,細葉饅頭果,2.5,1,1
12,2023/06/04,小滿,第3候,球花嘉賜木,2.5,1,1
13,2023/06/04,小滿,第3候,相思樹,2.5,1,2
14,2023/06/04,小滿,第3候,血桐,2.5,1,1
14之1,2023/06/04,小滿,第3候,狗骨仔,2.5,1,3
16,2023/06/04,小滿,第3候,山油麻,2.5,3,3
17,2023/06/04,小滿,第3候,構樹,2.5,1,3
18,2023/06/04,小滿,第3候,白毛臭牡丹,2.5,2,3
19,2023/06/04,小滿,第3候,白匏子,2.5,1,1
19之1,2023/06/04,小滿,第3候,白匏子,2.5,1,1
20,2023/06/04,小滿,第3候,白匏子,2.5,1,1
21,2023/06/04,小滿,第3候,苦楝,3,1,2
21之1,2023/06/04,小滿,第3候,白毛臭牡丹,2.5,1,3
15,2023/06/04,小滿,第3候,萬桃花,2.5,2,3
22,2023/06/04,小滿,第3候,狗骨仔,2.5,2,1
23,2023/06/04,小滿,第3候,降真香,2.5,1.5,1
24,2023/06/04,小滿,第3候,小錦蘭,2.5,1,1
25,2023/06/04,小滿,第3候,雙面刺,2.5,1,1
25之1,2023/06/04,小滿,第3候,紅珠藤,2.5,2,2
25之2,2023/06/04,小滿,第3候,大肚山絡石,3,1,1
31,2023/06/04,小滿,第3候,狗花椒,2.5,1.5,1
26,2023/06/04,小滿,第3候,大青,2.5,1.5,1
27,2023/06/04,小滿,第3候,球花嘉賜木,2.5,1,1
28,2023/06/04,小滿,第3候,球花嘉賜木,2.5,1,1
26之1,2023/06/04,小滿,第3候,狗花椒,2.5,1,1
33,2023/06/04,小滿,第3候,狗花椒,2.5,1,1
29,2023/06/04,小滿,第3候,台灣野茉莉,2.5,1,2
30,2023/06/04,小滿,第3候,對面花,2.5,1,1
37,2023/06/04,小滿,第3候,裡白巴豆,2.5,2,2
36,2023/06/04,小滿,第3候,朴樹,2.5,1,3
38之1,2023/06/04,小滿,第3候,羊角藤,2.5,2,1
38之2,2023/06/04,小滿,第3候,扛香藤,2.5,1,1
38之3,2023/06/04,小滿,第3候,苦楝,3,1,3
38,2023/06/04,小滿,第3候,土密,2.5,1,1
39,2023/06/04,小滿,第3候,樟樹,2.5,1,3
40,2023/06/04,小滿,第3候,烏臼,2.5,3,3
41,2023/06/04,小滿,第3候,構樹,2.5,1,1
42,2023/06/04,小滿,第3候,大肚山絡石,2.5,1,1
32,2023/06/04,小滿,第3候,毛瓣蝴蝶木,2.5,1,1
32之1,2023/06/04,小滿,第3候,厚殼樹,3,1,3
43,2023/06/04,小滿,第3候,灰木,2.5,2,1
0,2023/06/10,芒種,第1候,緬梔,2.5,3,1
43,2023/06/10,芒種,第1候,灰木,2.5,2,2
32,2023/06/10,芒種,第1候,毛瓣蝴蝶木,3,1,1
32之1,2023/06/10,芒種,第1候,厚殼樹,2.5,1,3
42,2023/06/10,芒種,第1候,大肚山絡石,2.5,1,1
41,2023/06/10,芒種,第1候,構樹,2.5,1,1
24,2023/06/10,芒種,第1候,小錦蘭,2.5,1,1
25之1,2023/06/10,芒種,第1候,紅珠藤,2.5,2,3
25,2023/06/10,芒種,第1候,雙面刺,2.5,1,1
35,2023/06/10,芒種,第1候,羊角藤,2.5,2,1
25之2,2023/06/10,芒種,第1候,大肚山絡石,3,1,1
31,2023/06/10,芒種,第1候,狗花椒,2.5,1.5,1
26,2023/06/10,芒種,第1候,大青,2.5,1.5,1
27,2023/06/10,芒種,第1候,球花嘉賜木,2.5,1,1
28,2023/06/10,芒種,第1候,球花嘉賜木,2.5,1,1
29,2023/06/10,芒種,第1候,台灣野茉莉,2.5,1,2
30,2023/06/10,芒種,第1候,對面花,2.5,1,1
34,2023/06/10,芒種,第1候,狗花椒,2.5,1.5,1
33,2023/06/10,芒種,第1候,狗花椒,2.5,1,1
26之1,2023/06/10,芒種,第1候,狗花椒,2.5,1,1
37,2023/06/10,芒種,第1候,裡白巴豆,2.5,2,2
36,2023/06/10,芒種,第1候,朴樹,2.5,1,3
38之2,2023/06/10,芒種,第1候,扛香藤,2.5,2,1
38之1,2023/06/10,芒種,第1候,羊角藤,2.5,1.5,1
38之3,2023/06/10,芒種,第1候,苦楝,2.5,1,3
38,2023/06/10,芒種,第1候,土密,2.5,1,1
39,2023/06/10,芒種,第1候,樟樹,2.5,1,3
40,2023/06/10,芒種,第1候,烏臼,2.5,3,1
3,2023/06/10,芒種,第1候,降真香,2.5,2,1
22,2023/06/10,芒種,第1候,狗骨仔,2.5,1,1
21之1,2023/06/10,芒種,第1候,白毛臭牡丹,2.5,2,3
15,2023/06/10,芒種,第1候,萬桃花,3,2,3
21,2023/06/10,芒種,第1候,苦楝,2.5,1,2
20,2023/06/10,芒種,第1候,白匏子,2.5,1,1
19之1,2023/06/10,芒種,第1候,白匏子,2.5,1,1
19,2023/06/10,芒種,第1候,白匏子,2.5,1,1
18,2023/06/10,芒種,第1候,白毛臭牡丹,3,3,3
17,2023/06/10,芒種,第1候,構樹,2.5,1,3
16,2023/06/10,芒種,第1候,山油麻,2.5,3,3
14之1,2023/06/10,芒種,第1候,狗骨仔,2.5,1,3
14,2023/06/10,芒種,第1候,血桐,2.5,1,1
13,2023/06/10,芒種,第1候,相思樹,2.5,1,2
12,2023/06/10,芒種,第1候,球花嘉賜木,2.5,1,1
11,2023/06/10,芒種,第1候,細葉饅頭果,2.5,1,1
6,2023/06/10,芒種,第1候,灰木,2.5,1,2
7,2023/06/10,芒種,第1候,狗骨仔,2.5,1,1
8,2023/06/10,芒種,第1候,狗骨仔,2.5,1,2
9,2023/06/10,芒種,第1候,台灣赤楠,2.5,1,1
10,2023/06/10,芒種,第1候,台灣山桂花,2.5,1,3
23,2023/06/10,芒種,第1候,降真香,2.5,1.5,1
5,2023/06/10,芒種,第1候,血桐,2.5,1,3
4,2023/06/10,芒種,第1候,球花嘉賜木,2.5,1,1
2,2023/06/10,芒種,第1候,相思樹,2.5,1,1
1,2023/06/10,芒種,第1候,小梗木薑子,2.5,1,1
0,2023/06/18,芒種,第3候,緬梔,2.5,3,1
1,2023/06/18,芒種,第3候,小梗木薑子,2.5,1.5,1
2,2023/06/18,芒種,第3候,相思樹,3,1,1
3,2023/06/18,芒種,第3候,降真香,2.5,3,1
4,2023/06/18,芒種,第3候,球花嘉賜木,2.5,1,1
5,2023/06/18,芒種,第3候,血桐,2.5,1,1
6,2023/06/18,芒種,第3候,灰木,2.5,1,2
7,2023/06/18,芒種,第3候,狗骨仔,2.5,1,1
8,2023/06/18,芒種,第3候,狗骨仔,2.5,1,2
9,2023/06/18,芒種,第3候,台灣赤楠,2.5,1,1
10,2023/06/18,芒種,第3候,台灣山桂花,2.5,1,3
11,2023/06/18,芒種,第3候,細葉饅頭果,2.5,1,1
12,2023/06/18,芒種,第3候,球花嘉賜木,2.5,1,1
13,2023/06/18,芒種,第3候,相思樹,2.5,1,2
14,2023/06/18,芒種,第3候,血桐,2.5,1,1
14之1,2023/06/18,芒種,第3候,狗骨仔,2.5,1,3
16,2023/06/18,芒種,第3候,山油麻,2.5,3,3
17,2023/06/18,芒種,第3候,構樹,2.5,1,3
18,2023/06/18,芒種,第3候,白毛臭牡丹,2.5,1,3
19,2023/06/18,芒種,第3候,白匏子,2.5,1.5,1
19之1,2023/06/18,芒種,第3候,白匏子,2.5,1.5,1
20,2023/06/18,芒種,第3候,白匏子,2.5,1.5,1
21,2023/06/18,芒種,第3候,苦楝,2.5,1,2
21之1,2023/06/18,芒種,第3候,白毛臭牡丹,2.5,3,3
15,2023/06/18,芒種,第3候,萬桃花,2.5,1.5,3
22,2023/06/18,芒種,第3候,狗骨仔,2.5,1,1
23,2023/06/18,芒種,第3候,降真香,2.5,2,1
25之1,2023/06/18,芒種,第3候,紅珠藤,2.5,1,3
24,2023/06/18,芒種,第3候,小錦蘭,2.5,1,1
25,2023/06/18,芒種,第3候,雙面刺,2.5,1,1
31,2023/06/18,芒種,第3候,狗花椒,2.5,1.5,1
25之2,2023/06/18,芒種,第3候,大肚山絡石,2.5,1,1
26,2023/06/18,芒種,第3候,大青,2.5,1.5,1
27,2023/06/18,芒種,第3候,球花嘉賜木,2.5,1,1
28,2023/06/18,芒種,第3候,球花嘉賜木,2.5,1,1
34,2023/06/18,芒種,第3候,狗花椒,2.5,1.5,1
33,2023/06/18,芒種,第3候,狗花椒,2.5,1,1
29,2023/06/18,芒種,第3候,台灣野茉莉,2.5,1,2
30,2023/06/18,芒種,第3候,對面花,2.5,1,1
37,2023/06/18,芒種,第3候,裡白巴豆,2.5,2,2
36,2023/06/18,芒種,第3候,朴樹,2.5,1,3
38之2,2023/06/18,芒種,第3候,扛香藤,2.5,2,1
38之1,2023/06/18,芒種,第3候,羊角藤,2.5,1.5,1
38,2023/06/18,芒種,第3候,土密,2.5,1,1
39,2023/06/18,芒種,第3候,樟樹,2.5,1,3
40,2023/06/18,芒種,第3候,烏臼,2.5,2,2
38之3,2023/06/18,芒種,第3候,苦楝,2.5,1,3
35,2023/06/18,芒種,第3候,羊角藤,2.5,2,1
42,2023/06/18,芒種,第3候,大肚山絡石,2.5,1,1
32之1,2023/06/18,芒種,第3候,厚殼樹,2.5,1,3
43,2023/06/18,芒種,第3候,灰木,2.5,1,2
32,2023/06/18,芒種,第3候,毛瓣蝴蝶木,3,1,1
41,2023/06/18,芒種,第3候,構樹,2.5,1,1
26之1,2023/06/18,芒種,第3候,狗花椒,2.5,1,1
1,2023/07/01,夏至,第3候,小梗木薑子,2.5,1.5,1
2,2023/07/01,夏至,第3候,相思樹,2.5,1,1
3,2023/07/01,夏至,第3候,降真香,2.5,3,1
4,2023/07/01,夏至,第3候,球花嘉賜木,2.5,1,1
5,2023/07/01,夏至,第3候,血桐,2.5,1,2
6,2023/07/01,夏至,第3候,灰木,2.5,1,2
7,2023/07/01,夏至,第3候,狗骨仔,3,1,1
8,2023/07/01,夏至,第3候,狗骨仔,2.5,1,2
9,2023/07/01,夏至,第3候,台灣赤楠,2.5,1,1
10,2023/07/01,夏至,第3候,台灣山桂花,2.5,1,3
11,2023/07/01,夏至,第3候,細葉饅頭果,2.5,1,1
12,2023/07/01,夏至,第3候,球花嘉賜木,2.5,1,1
13,2023/07/01,夏至,第3候,相思樹,2.5,1,2
14,2023/07/01,夏至,第3候,血桐,2.5,1,1
14之1,2023/07/01,夏至,第3候,狗骨仔,2.5,1,3
16,2023/07/01,夏至,第3候,山油麻,2.5,3,3
17,2023/07/01,夏至,第3候,構樹,2.5,1,3
18,2023/07/01,夏至,第3候,白毛臭牡丹,3,1,3
19,2023/07/01,夏至,第3候,白匏子,2.5,1.5,1
19之1,2023/07/01,夏至,第3候,白匏子,2.5,1.5,1
20,2023/07/01,夏至,第3候,白匏子,2.5,1.5,1
21,2023/07/01,夏至,第3候,苦楝,3,1,2
21之1,2023/07/01,夏至,第3候,白毛臭牡丹,2.5,1,3
15,2023/07/01,夏至,第3候,萬桃花,2.5,3,3
22,2023/07/01,夏至,第3候,狗骨仔,2.5,1,1
23,2023/07/01,夏至,第3候,降真香,2.5,2,1
24,2023/07/01,夏至,第3候,小錦蘭,2.5,1,1
25,2023/07/01,夏至,第3候,雙面刺,2.5,1,1
25之1,2023/07/01,夏至,第3候,紅珠藤,2.5,1,3
25之2,2023/07/01,夏至,第3候,大肚山絡石,3,1,1
31,2023/07/01,夏至,第3候,狗花椒,2.5,1.5,1
26,2023/07/01,夏至,第3候,大青,2.5,3,1
27,2023/07/01,夏至,第3候,球花嘉賜木,2.5,1,1
28,2023/07/01,夏至,第3候,球花嘉賜木,2.5,1,1
26之1,2023/07/01,夏至,第3候,狗花椒,2.5,1.5,1
34,2023/07/01,夏至,第3候,狗花椒,2.5,3,1
33,2023/07/01,夏至,第3候,狗花椒,2.5,2,1
29,2023/07/01,夏至,第3候,台灣野茉莉,2.5,1,1
30,2023/07/01,夏至,第3候,對面花,2.5,1,1
37,2023/07/01,夏至,第3候,裡白巴豆,2.5,2,1
36,2023/07/01,夏至,第3候,朴樹,2.5,1,3
38之2,2023/07/01,夏至,第3候,扛香藤,2.5,1,1
38之1,2023/07/01,夏至,第3候,羊角藤,2.5,2,1
38,2023/07/01,夏至,第3候,土密,2.5,1,1
38之3,2023/07/01,夏至,第3候,苦楝,2.5,1,1
39,2023/07/01,夏至,第3候,樟樹,2.5,1,3
40,2023/07/01,夏至,第3候,烏臼,2.5,1,3
35,2023/07/01,夏至,第3候,羊角藤,2.5,2,1
41,2023/07/01,夏至,第3候,構樹,2.5,1,1
42,2023/07/01,夏至,第3候,大肚山絡石,2.5,1,1
32之1,2023/07/01,夏至,第3候,厚殼樹,2.5,1,2
32,2023/07/01,夏至,第3候,毛瓣蝴蝶木,3,1,1
43,2023/07/01,夏至,第3候,灰木,2.5,1,2
0,2023/07/01,夏至,第3候,緬梔,2.5,3,1
1,2023/07/15,小暑,第2候,小梗木薑子,2.5,1.5,1
2,2023/07/15,小暑,第2候,相思樹,2.5,1,1
3,2023/07/15,小暑,第2候,降真香,2.5,2,2
4,2023/07/15,小暑,第2候,球花嘉賜木,2.5,1,1
5,2023/07/15,小暑,第2候,血桐,2.5,1,1
6,2023/07/15,小暑,第2候,灰木,2.5,1,2
7,2023/07/15,小暑,第2候,狗骨仔,3,1,1
8,2023/07/15,小暑,第2候,狗骨仔,2.5,1,2
9,2023/07/15,小暑,第2候,台灣赤楠,2.5,1,1
10,2023/07/15,小暑,第2候,台灣山桂花,2.5,1,3
11,2023/07/15,小暑,第2候,細葉饅頭果,2.5,1,1
12,2023/07/15,小暑,第2候,球花嘉賜木,2.5,1,1
13,2023/07/15,小暑,第2候,相思樹,2.5,1,2
14,2023/07/15,小暑,第2候,血桐,2.5,1,1
14之1,2023/07/15,小暑,第2候,狗骨仔,2.5,2,3
16,2023/07/15,小暑,第2候,山油麻,2.5,3,3
17,2023/07/15,小暑,第2候,構樹,2.5,1,3
18,2023/07/15,小暑,第2候,白毛臭牡丹,2.5,1,2
19,2023/07/15,小暑,第2候,白匏子,2.5,1.5,1
20,2023/07/15,小暑,第2候,白匏子,2.5,1.5,1
19之1,2023/07/15,小暑,第2候,白匏子,2.5,1.5,1
21,2023/07/15,小暑,第2候,苦楝,3,1,2
21之1,2023/07/15,小暑,第2候,白毛臭牡丹,2.5,1,2
15,2023/07/15,小暑,第2候,萬桃花,2.5,3,3
22,2023/07/15,小暑,第2候,狗骨仔,2.5,1,1
22之1,2023/07/15,小暑,第2候,土伏苓,3,1,1
23,2023/07/15,小暑,第2候,降真香,2.5,3,2
24,2023/07/15,小暑,第2候,小錦蘭,2.5,1,1
25,2023/07/15,小暑,第2候,雙面刺,2.5,1,1
25之1,2023/07/15,小暑,第2候,紅珠藤,2.5,1,3
25之2,2023/07/15,小暑,第2候,大肚山絡石,3,1,1
36之1,2023/07/15,小暑,第2候,大青,3,3,1
26之1,2023/07/15,小暑,第2候,狗花椒,2.5,1.5,1
27,2023/07/15,小暑,第2候,球花嘉賜木,2.5,1,1
28,2023/07/15,小暑,第2候,球花嘉賜木,2.5,1,1
33,2023/07/15,小暑,第2候,狗花椒,2.5,2,1
37,2023/07/15,小暑,第2候,裡白巴豆,2.5,3,2
36,2023/07/15,小暑,第2候,朴樹,2.5,1,3
38之2,2023/07/15,小暑,第2候,扛香藤,2.5,1,1
38之1,2023/07/15,小暑,第2候,羊角藤,2.5,3,1
38之3,2023/07/15,小暑,第2候,苦楝,2.5,1,3
38,2023/07/15,小暑,第2候,土密,2.5,1,1
39,2023/07/15,小暑,第2候,樟樹,2.5,1,3
29,2023/07/15,小暑,第2候,台灣野茉莉,2.5,1,1
40,2023/07/15,小暑,第2候,烏臼,2.5,1,3
30,2023/07/15,小暑,第2候,對面花,2.5,1,1
34,2023/07/15,小暑,第2候,狗花椒,2.5,3,1
42,2023/07/15,小暑,第2候,大肚山絡石,2.5,1,1
41,2023/07/15,小暑,第2候,構樹,2.5,1,1
35,2023/07/15,小暑,第2候,羊角藤,2.5,3,1
32,2023/07/15,小暑,第2候,毛瓣蝴蝶木,3,1,1
32之1,2023/07/15,小暑,第2候,厚殼樹,2.5,1,1
43,2023/07/15,小暑,第2候,灰木,2.5,1,2
0,2023/07/15,小暑,第2候,緬梔,3,3,1
0,2023/07/30,大暑,第2候,緬梔,2.5,3,1
1,2023/07/30,大暑,第2候,小梗木薑子,2.5,1.5,1
2,2023/07/30,大暑,第2候,相思樹,2.5,1,1
3,2023/07/30,大暑,第2候,降真香,2.5,2,2
4,2023/07/30,大暑,第2候,球花嘉賜木,2.5,1,1
5,2023/07/30,大暑,第2候,血桐,2.5,1,1
6,2023/07/30,大暑,第2候,灰木,2.5,1,1
7,2023/07/30,大暑,第2候,狗骨仔,3,1,1
8,2023/07/30,大暑,第2候,狗骨仔,3,1,2
9,2023/07/30,大暑,第2候,台灣赤楠,2.5,1,1
10,2023/07/30,大暑,第2候,台灣山桂花,2.5,1,3
11,2023/07/30,大暑,第2候,細葉饅頭果,3,1,1
12,2023/07/30,大暑,第2候,球花嘉賜木,2.5,1,1
13,2023/07/30,大暑,第2候,相思樹,2.5,1,2
14,2023/07/30,大暑,第2候,血桐,2.5,1,1
14之1,2023/07/30,大暑,第2候,狗骨仔,2.5,1,3
16,2023/07/30,大暑,第2候,山油麻,2.5,3,3
17,2023/07/30,大暑,第2候,構樹,2.5,1,2
18,2023/07/30,大暑,第2候,白毛臭牡丹,2.5,1,1
19,2023/07/30,大暑,第2候,白匏子,2.5,1.5,1
19之1,2023/07/30,大暑,第2候,白匏子,2.5,1.5,1
20,2023/07/30,大暑,第2候,白匏子,2.5,1.5,1
21,2023/07/30,大暑,第2候,苦楝,3,1,2
21之1,2023/07/30,大暑,第2候,白毛臭牡丹,2.5,1,2
15,2023/07/30,大暑,第2候,萬桃花,2.5,2,3
22,2023/07/30,大暑,第2候,狗骨仔,2.5,1,1
22之1,2023/07/30,大暑,第2候,土伏苓,2.5,1,1
23,2023/07/30,大暑,第2候,降真香,2.5,3,3
24,2023/07/30,大暑,第2候,小錦蘭,2.5,1,1
25之1,2023/07/30,大暑,第2候,紅珠藤,2.5,1,3
25,2023/07/30,大暑,第2候,雙面刺,2.5,1,1
25之2,2023/07/30,大暑,第2候,大肚山絡石,2.5,1,3
31,2023/07/30,大暑,第2候,狗花椒,2.5,2,1
26,2023/07/30,大暑,第2候,大青,2.5,1,3
26之1,2023/07/30,大暑,第2候,狗花椒,2.5,3,3
27,2023/07/30,大暑,第2候,球花嘉賜木,2.5,1,1
28,2023/07/30,大暑,第2候,球花嘉賜木,2.5,1,1
29,2023/07/30,大暑,第2候,台灣野茉莉,2.5,1,2
30,2023/07/30,大暑,第2候,對面花,2.5,1,1
34,2023/07/30,大暑,第2候,狗花椒,2.5,2,1
33,2023/07/30,大暑,第2候,狗花椒,2.5,1.5,1
37,2023/07/30,大暑,第2候,裡白巴豆,2.5,3,3
36,2023/07/30,大暑,第2候,朴樹,2.5,1,3
38之2,2023/07/30,大暑,第2候,扛香藤,2.5,1,1
38之1,2023/07/30,大暑,第2候,羊角藤,2.5,3,1
38之3,2023/07/30,大暑,第2候,苦楝,2.5,1,3
38,2023/07/30,大暑,第2候,土密,2.5,1,1
39,2023/07/30,大暑,第2候,樟樹,2.5,1,3
40,2023/07/30,大暑,第2候,烏臼,2.5,1,3
35,2023/07/30,大暑,第2候,羊角藤,2.5,3,1
41,2023/07/30,大暑,第2候,構樹,2.5,1,1
42,2023/07/30,大暑,第2候,大肚山絡石,2.5,1,1
32之1,2023/07/30,大暑,第2候,厚殼樹,3,1,1
32,2023/07/30,大暑,第2候,毛瓣蝴蝶木,3,1,1
43,2023/07/30,大暑,第2候,灰木,2.5,1,1
0,2023/08/13,大暑,第2候,緬梔,2.5,2,1
1,2023/08/13,大暑,第2候,小梗木薑子,2.5,1.5,1
2,2023/08/13,大暑,第2候,相思樹,2.5,1,1
3,2023/08/13,大暑,第2候,降真香,2.5,3,2
4,2023/08/13,大暑,第2候,球花嘉賜木,2.5,1,1
5,2023/08/13,大暑,第2候,血桐,2.5,1,1
6,2023/08/13,大暑,第2候,灰木,2.5,1,1
7,2023/08/13,大暑,第2候,狗骨仔,2.5,1,1
8,2023/08/13,大暑,第2候,狗骨仔,2.5,1,2
9,2023/08/13,大暑,第2候,台灣赤楠,2.5,1,1
10,2023/08/13,大暑,第2候,台灣山桂花,2.5,1,3
11,2023/08/13,大暑,第2候,細葉饅頭果,2.5,1,1
12,2023/08/13,大暑,第2候,球花嘉賜木,2.5,1,1
13,2023/08/13,大暑,第2候,相思樹,2.5,1,2
14,2023/08/13,大暑,第2候,血桐,2.5,1,1
14之1,2023/08/13,大暑,第2候,狗骨仔,2.5,1,3
16,2023/08/13,大暑,第2候,山油麻,2.5,3,3
17,2023/08/13,大暑,第2候,構樹,2.5,1,1
18,2023/08/13,大暑,第2候,白毛臭牡丹,2.5,1,1
19,2023/08/13,大暑,第2候,白匏子,2.5,1.5,1
19之1,2023/08/13,大暑,第2候,白匏子,2.5,1.5,1
21,2023/08/13,大暑,第2候,苦楝,3,1,2
21之1,2023/08/13,大暑,第2候,白毛臭牡丹,2.5,2,1
15,2023/08/13,大暑,第2候,萬桃花,2.5,2,2
22,2023/08/13,大暑,第2候,狗骨仔,2.5,1,1
22之1,2023/08/13,大暑,第2候,土伏苓,2.5,1,1
23,2023/08/13,大暑,第2候,降真香,3,2,3
24,2023/08/13,大暑,第2候,小錦蘭,2.5,1,1
25之1,2023/08/13,大暑,第2候,紅珠藤,2.5,1,3
25,2023/08/13,大暑,第2候,雙面刺,2.5,1,1
25之2,2023/08/13,大暑,第2候,大肚山絡石,2.5,1,3
26之1,2023/08/13,大暑,第2候,狗花椒,2.5,2,3
26,2023/08/13,大暑,第2候,大青,2.5,1,1
27,2023/08/13,大暑,第2候,球花嘉賜木,2.5,1,1
28,2023/08/13,大暑,第2候,球花嘉賜木,2.5,1,1
31,2023/08/13,大暑,第2候,狗花椒,2.5,3,1
34,2023/08/13,大暑,第2候,狗花椒,2.5,2,1
33,2023/08/13,大暑,第2候,狗花椒,2.5,2,1
29,2023/08/13,大暑,第2候,台灣野茉莉,2.5,1,2
30,2023/08/13,大暑,第2候,對面花,2.5,1,1
37,2023/08/13,大暑,第2候,裡白巴豆,3,2,1
36,2023/08/13,大暑,第2候,朴樹,2.5,1,3
36之1,2023/08/13,大暑,第2候,大青,3,1,3
38之2,2023/08/13,大暑,第2候,扛香藤,2.5,1,1
38之1,2023/08/13,大暑,第2候,羊角藤,2.5,2,1
38,2023/08/13,大暑,第2候,土密,2.5,1,1
39,2023/08/13,大暑,第2候,樟樹,2.5,1,2
40,2023/08/13,大暑,第2候,烏臼,2.5,1,3
35,2023/08/13,大暑,第2候,羊角藤,2.5,2,1
41,2023/08/13,大暑,第2候,構樹,2.5,1,1
42,2023/08/13,大暑,第2候,大肚山絡石,3,1,1
32,2023/08/13,大暑,第2候,毛瓣蝴蝶木,3,1,1
32之1,2023/08/13,大暑,第2候,厚殼樹,3,1,1
43,2023/08/13,大暑,第2候,灰木,2.5,1,1
0,2023/08/27,處暑,第1候,緬梔,2.5,3,1
1,2023/08/27,處暑,第1候,小梗木薑子,2.5,1.5,1
2,2023/08/27,處暑,第1候,相思樹,2.5,1,1
3,2023/08/27,處暑,第1候,降真香,2.5,3,3
5,2023/08/27,處暑,第1候,血桐,2.5,1,1
6,2023/08/27,處暑,第1候,灰木,3,1,1
7,2023/08/27,處暑,第1候,狗骨仔,3,1,1
8,2023/08/27,處暑,第1候,狗骨仔,2.5,1,2
9,2023/08/27,處暑,第1候,台灣赤楠,2.5,1,1
10,2023/08/27,處暑,第1候,台灣山桂花,2.5,1,3
11,2023/08/27,處暑,第1候,細葉饅頭果,2.5,2,1
12,2023/08/27,處暑,第1候,球花嘉賜木,2.5,1,1
13,2023/08/27,處暑,第1候,相思樹,2.5,1,1
14,2023/08/27,處暑,第1候,血桐,2.5,1,1
14之1,2023/08/27,處暑,第1候,狗骨仔,2.5,1,3
16,2023/08/27,處暑,第1候,山油麻,2.5,3,3
17,2023/08/27,處暑,第1候,構樹,2.5,1,1
18,2023/08/27,處暑,第1候,白毛臭牡丹,2.5,1,1
19,2023/08/27,處暑,第1候,白匏子,2.5,1.5,1
19之1,2023/08/27,處暑,第1候,白匏子,2.5,1.5,1
20,2023/08/27,處暑,第1候,白匏子,2.5,1.5,1
21之1,2023/08/27,處暑,第1候,白毛臭牡丹,2.5,2,3
15,2023/08/27,處暑,第1候,萬桃花,2.5,3,3
21,2023/08/27,處暑,第1候,苦楝,3,1,2
22,2023/08/27,處暑,第1候,狗骨仔,2.5,1,1
22之1,2023/08/27,處暑,第1候,土伏苓,3,1,1
23,2023/08/27,處暑,第1候,降真香,3,2,3
24,2023/08/27,處暑,第1候,小錦蘭,3,1,1
25之1,2023/08/27,處暑,第1候,紅珠藤,2.5,1,3
25,2023/08/27,處暑,第1候,雙面刺,2.5,1,1
25之2,2023/08/27,處暑,第1候,大肚山絡石,2.5,1,3
31,2023/08/27,處暑,第1候,狗花椒,2.5,3,1
26,2023/08/27,處暑,第1候,大青,2.5,1,3
26之1,2023/08/27,處暑,第1候,狗花椒,2.5,1,3
27,2023/08/27,處暑,第1候,球花嘉賜木,2.5,1,1
28,2023/08/27,處暑,第1候,球花嘉賜木,2.5,1,1
34,2023/08/27,處暑,第1候,狗花椒,2.5,3,1
33,2023/08/27,處暑,第1候,狗花椒,2.5,3,1
29,2023/08/27,處暑,第1候,台灣野茉莉,2.5,1,2
30,2023/08/27,處暑,第1候,對面花,2.5,1,1
37,2023/08/27,處暑,第1候,裡白巴豆,2.5,2,2
36,2023/08/27,處暑,第1候,朴樹,2.5,1,2
36之1,2023/08/27,處暑,第1候,大青,2.5,1,3
38之2,2023/08/27,處暑,第1候,扛香藤,2.5,1,1
38之3,2023/08/27,處暑,第1候,苦楝,2.5,1,3
38,2023/08/27,處暑,第1候,土密,2.5,1,1
39,2023/08/27,處暑,第1候,樟樹,2.5,1,2
40,2023/08/27,處暑,第1候,烏臼,2.5,1,3
35,2023/08/27,處暑,第1候,羊角藤,2.5,1,2
41,2023/08/27,處暑,第1候,構樹,2.5,1,1
42,2023/08/27,處暑,第1候,大肚山絡石,2.5,1,1
32之1,2023/08/27,處暑,第1候,厚殼樹,3,1,1
32,2023/08/27,處暑,第1候,毛瓣蝴蝶木,3,1,1
43,2023/08/27,處暑,第1候,灰木,2.5,1,1
0,2023/09/09,白露,第1候,緬梔,2.5,2,1
1,2023/09/09,白露,第1候,小梗木薑子,2.5,1.5,1
2,2023/09/09,白露,第1候,相思樹,2.5,1,1
3,2023/09/09,白露,第1候,降真香,2.5,2,3
5,2023/09/09,白露,第1候,血桐,2.5,1,1
4,2023/09/09,白露,第1候,球花嘉賜木,2.5,1,1
6,2023/09/09,白露,第1候,灰木,3,1,1
7,2023/09/09,白露,第1候,狗骨仔,2.5,1,1
8,2023/09/09,白露,第1候,狗骨仔,2.5,1,1
9,2023/09/09,白露,第1候,台灣赤楠,2.5,1,1
10,2023/09/09,白露,第1候,台灣山桂花,2.5,1,3
11,2023/09/09,白露,第1候,細葉饅頭果,2.5,2,1
12,2023/09/09,白露,第1候,球花嘉賜木,2.5,1,1
14,2023/09/09,白露,第1候,血桐,2.5,1,1
13,2023/09/09,白露,第1候,相思樹,2.5,1,1
14之1,2023/09/09,白露,第1候,狗骨仔,2.5,1,3
16,2023/09/09,白露,第1候,山油麻,2.5,3,3
17,2023/09/09,白露,第1候,構樹,2.5,1,1
18,2023/09/09,白露,第1候,白毛臭牡丹,2.5,2,1
19,2023/09/09,白露,第1候,白匏子,2.5,1.5,1
19之1,2023/09/09,白露,第1候,白匏子,2.5,1.5,1
20,2023/09/09,白露,第1候,白匏子,2.5,1.5,1
21,2023/09/09,白露,第1候,苦楝,2.5,1,2
21之1,2023/09/09,白露,第1候,白毛臭牡丹,2.5,1,3
15,2023/09/09,白露,第1候,萬桃花,2.5,3,2
22,2023/09/09,白露,第1候,狗骨仔,2.5,1,1
22之1,2023/09/09,白露,第1候,土伏苓,2.5,1,1
23,2023/09/09,白露,第1候,降真香,3,1,3
24,2023/09/09,白露,第1候,小錦蘭,2.5,1,1
25,2023/09/09,白露,第1候,雙面刺,2.5,1,1
25之1,2023/09/09,白露,第1候,紅珠藤,2.5,1,2
25之2,2023/09/09,白露,第1候,大肚山絡石,3,1,3
31,2023/09/09,白露,第1候,狗花椒,2.5,3,1
26,2023/09/09,白露,第1候,大青,2.5,1,2
26之1,2023/09/09,白露,第1候,狗花椒,2.5,1,3
27,2023/09/09,白露,第1候,球花嘉賜木,2.5,1,1
28,2023/09/09,白露,第1候,球花嘉賜木,2.5,1,1
29,2023/09/09,白露,第1候,台灣野茉莉,2.5,1,2
30,2023/09/09,白露,第1候,對面花,2.5,1,1
34,2023/09/09,白露,第1候,狗花椒,2.5,2,1
33,2023/09/09,白露,第1候,狗花椒,2.5,1,1
37,2023/09/09,白露,第1候,裡白巴豆,2.5,2,2
36,2023/09/09,白露,第1候,朴樹,2.5,1,1
36之1,2023/09/09,白露,第1候,大青,3,1,1
38之2,2023/09/09,白露,第1候,扛香藤,2.5,1,1
39,2023/09/09,白露,第1候,樟樹,2.5,1,1
38,2023/09/09,白露,第1候,土密,2.5,3,1
38之3,2023/09/09,白露,第1候,苦楝,2.5,1,3
40,2023/09/09,白露,第1候,烏臼,2.5,1,3
35,2023/09/09,白露,第1候,羊角藤,2.5,1,2
41,2023/09/09,白露,第1候,構樹,2.5,1,1
42,2023/09/09,白露,第1候,大肚山絡石,3,1,1
32之1,2023/09/09,白露,第1候,厚殼樹,3,1,1
32,2023/09/09,白露,第1候,毛瓣蝴蝶木,3,1,1
43,2023/09/09,白露,第1候,灰木,2.5,1,1
0,2023/09/17,白露,第2候,緬梔,2.5,2,1
1,2023/09/17,白露,第2候,小梗木薑子,2.5,1.5,1
2,2023/09/17,白露,第2候,相思樹,3,1,1
3,2023/09/17,白露,第2候,降真香,2.5,3,3
4,2023/09/17,白露,第2候,球花嘉賜木,2.5,1,1
5,2023/09/17,白露,第2候,血桐,2.5,1,1
6,2023/09/17,白露,第2候,灰木,3,1,1
7,2023/09/17,白露,第2候,狗骨仔,2.5,1,1
8,2023/09/17,白露,第2候,狗骨仔,2.5,1,1
9,2023/09/17,白露,第2候,台灣赤楠,2.5,1,1
10,2023/09/17,白露,第2候,台灣山桂花,2.5,1,1
11,2023/09/17,白露,第2候,細葉饅頭果,2.5,2,1
13,2023/09/17,白露,第2候,相思樹,2.5,1,1
14,2023/09/17,白露,第2候,血桐,2.5,1,1
14之1,2023/09/17,白露,第2候,狗骨仔,2.5,1,3
16,2023/09/17,白露,第2候,山油麻,2.5,3,3
17,2023/09/17,白露,第2候,構樹,2.5,1,1
18,2023/09/17,白露,第2候,白毛臭牡丹,2.5,2,1
19,2023/09/17,白露,第2候,白匏子,2.5,2,1
19之1,2023/09/17,白露,第2候,白匏子,2.5,2,1
20,2023/09/17,白露,第2候,白匏子,2.5,2,2
21,2023/09/17,白露,第2候,苦楝,2.5,1,2
21之1,2023/09/17,白露,第2候,白毛臭牡丹,2.5,1.5,2
15,2023/09/17,白露,第2候,萬桃花,2.5,3,3
22,2023/09/17,白露,第2候,狗骨仔,2.5,1,1
22之1,2023/09/17,白露,第2候,土伏苓,3,1,1
23,2023/09/17,白露,第2候,降真香,2.5,2,3
24,2023/09/17,白露,第2候,小錦蘭,2.5,1.5,1
25,2023/09/17,白露,第2候,雙面刺,2.5,1,1
25之1,2023/09/17,白露,第2候,紅珠藤,2.5,1,1
25之2,2023/09/17,白露,第2候,大肚山絡石,2.5,1,3
31,2023/09/17,白露,第2候,狗花椒,2.5,1,1
26之1,2023/09/17,白露,第2候,狗花椒,2.5,1,3
26,2023/09/17,白露,第2候,大青,2.5,1,1
27,2023/09/17,白露,第2候,球花嘉賜木,2.5,1,1
28,2023/09/17,白露,第2候,球花嘉賜木,2.5,1,1
34,2023/09/17,白露,第2候,狗花椒,2.5,1.5,1
33,2023/09/17,白露,第2候,狗花椒,2.5,1,1
29,2023/09/17,白露,第2候,台灣野茉莉,2.5,1,2
30,2023/09/17,白露,第2候,對面花,2.5,1,1
37,2023/09/17,白露,第2候,裡白巴豆,2.5,2,2
36,2023/09/17,白露,第2候,朴樹,2.5,1,2
36之1,2023/09/17,白露,第2候,大青,2.5,1,1
38之2,2023/09/17,白露,第2候,扛香藤,2.5,1,1
38,2023/09/17,白露,第2候,土密,2.5,3,1
39,2023/09/17,白露,第2候,樟樹,2.5,1,1
40,2023/09/17,白露,第2候,烏臼,2.5,1,2
35,2023/09/17,白露,第2候,羊角藤,2.5,1,2
41,2023/09/17,白露,第2候,構樹,2.5,1,1
42,2023/09/17,白露,第2候,大肚山絡石,2.5,1,3
32之1,2023/09/17,白露,第2候,厚殼樹,2.5,1.5,2
43,2023/09/17,白露,第2候,灰木,2.5,1,1
0,2023/09/30,秋分,第2候,緬梔,2.5,2,1
1,2023/09/30,秋分,第2候,小梗木薑子,3,1.5,1
2,2023/09/30,秋分,第2候,相思樹,2.5,1,1
3,2023/09/30,秋分,第2候,降真香,2.5,2,3
5,2023/09/30,秋分,第2候,血桐,2.5,1,1
4,2023/09/30,秋分,第2候,球花嘉賜木,2.5,1,1
6,2023/09/30,秋分,第2候,灰木,3,1,1
7,2023/09/30,秋分,第2候,狗骨仔,2.5,1,1
8,2023/09/30,秋分,第2候,狗骨仔,2.5,1,1
9,2023/09/30,秋分,第2候,台灣赤楠,2.5,1,1
10,2023/09/30,秋分,第2候,台灣山桂花,2.5,1,3
11,2023/09/30,秋分,第2候,細葉饅頭果,2.5,2,1
12,2023/09/30,秋分,第2候,球花嘉賜木,2.5,1,1
13,2023/09/30,秋分,第2候,相思樹,2.5,1,1
14,2023/09/30,秋分,第2候,血桐,2.5,1,1
14之1,2023/09/30,秋分,第2候,狗骨仔,2.5,1,3
16,2023/09/30,秋分,第2候,山油麻,2.5,3,3
17,2023/09/30,秋分,第2候,構樹,2.5,1,1
18,2023/09/30,秋分,第2候,白毛臭牡丹,2.5,1,1
19,2023/09/30,秋分,第2候,白匏子,2.5,3,1
19之1,2023/09/30,秋分,第2候,白匏子,2.5,3,1
20,2023/09/30,秋分,第2候,白匏子,2.5,3,1
21,2023/09/30,秋分,第2候,苦楝,2.5,1,2
21之1,2023/09/30,秋分,第2候,白毛臭牡丹,2.5,2,2
15,2023/09/30,秋分,第2候,萬桃花,2.5,3,3
22,2023/09/30,秋分,第2候,狗骨仔,2.5,1,1
22之1,2023/09/30,秋分,第2候,土伏苓,2.5,1,1
23,2023/09/30,秋分,第2候,降真香,1,1,2
24,2023/09/30,秋分,第2候,小錦蘭,2.5,1.5,1
25,2023/09/30,秋分,第2候,雙面刺,2.5,1,1
25之1,2023/09/30,秋分,第2候,紅珠藤,2.5,1,1
25之2,2023/09/30,秋分,第2候,大肚山絡石,2.5,2,3
31,2023/09/30,秋分,第2候,狗花椒,2.5,1,1
26,2023/09/30,秋分,第2候,大青,2.5,1,1
26之1,2023/09/30,秋分,第2候,狗花椒,2.5,1,3
27,2023/09/30,秋分,第2候,球花嘉賜木,2.5,1,1
28,2023/09/30,秋分,第2候,球花嘉賜木,2.5,1,1
34,2023/09/30,秋分,第2候,狗花椒,2.5,2,1
33,2023/09/30,秋分,第2候,狗花椒,2.5,1,1
29,2023/09/30,秋分,第2候,台灣野茉莉,2.5,1,2
30,2023/09/30,秋分,第2候,對面花,2.5,1,1
37,2023/09/30,秋分,第2候,裡白巴豆,2.5,3,2
36,2023/09/30,秋分,第2候,朴樹,2.5,1,2
36之1,2023/09/30,秋分,第2候,大青,2.5,1,1
40,2023/09/30,秋分,第2候,烏臼,2.5,1.5,1
38之2,2023/09/30,秋分,第2候,扛香藤,2.5,1,1
38,2023/09/30,秋分,第2候,土密,2.5,3,1
38之3,2023/09/30,秋分,第2候,苦楝,2.5,1,3
39,2023/09/30,秋分,第2候,樟樹,2.5,1,1
35,2023/09/30,秋分,第2候,羊角藤,2.5,1,2
32之1,2023/09/30,秋分,第2候,厚殼樹,2.5,2,2
32,2023/09/30,秋分,第2候,毛瓣蝴蝶木,3,1,1
43,2023/09/30,秋分,第2候,灰木,2.5,1,1
0,2023/10/14,寒露,第2候,緬梔,2.5,2,1
1,2023/10/14,寒露,第2候,小梗木薑子,3,1.5,1
2,2023/10/14,寒露,第2候,相思樹,3,1,1
3,2023/10/14,寒露,第2候,降真香,3,2,3
4,2023/10/14,寒露,第2候,球花嘉賜木,2.5,1,1
5,2023/10/14,寒露,第2候,血桐,2.5,1,1
6,2023/10/14,寒露,第2候,灰木,3,1,1
7,2023/10/14,寒露,第2候,狗骨仔,2.5,1,1
8,2023/10/14,寒露,第2候,狗骨仔,2.5,1,2
9,2023/10/14,寒露,第2候,台灣赤楠,2.5,1,1
10,2023/10/14,寒露,第2候,台灣山桂花,2.5,1,3
11,2023/10/14,寒露,第2候,細葉饅頭果,2.5,1.5,2
12,2023/10/14,寒露,第2候,球花嘉賜木,2.5,1,1
13,2023/10/14,寒露,第2候,相思樹,2.5,1,1
14,2023/10/14,寒露,第2候,血桐,2.5,1,1
14之1,2023/10/14,寒露,第2候,狗骨仔,2.5,1,3
16,2023/10/14,寒露,第2候,山油麻,2.5,3,3
17,2023/10/14,寒露,第2候,構樹,2.5,1,1
18,2023/10/14,寒露,第2候,白毛臭牡丹,2.5,1,2
19,2023/10/14,寒露,第2候,白匏子,2.5,3,1
19之1,2023/10/14,寒露,第2候,白匏子,2.5,3,1
20,2023/10/14,寒露,第2候,白匏子,2.5,3,1
21,2023/10/14,寒露,第2候,苦楝,3,1,2
21之1,2023/10/14,寒露,第2候,白毛臭牡丹,2.5,1.5,2
15,2023/10/14,寒露,第2候,萬桃花,2.5,2,3
22,2023/10/14,寒露,第2候,狗骨仔,2.5,1,1
22之1,2023/10/14,寒露,第2候,土伏苓,2.5,1,1
23,2023/10/14,寒露,第2候,降真香,2.5,1,3
24,2023/10/14,寒露,第2候,小錦蘭,2.5,1,1
25,2023/10/14,寒露,第2候,雙面刺,2.5,1,1
25之1,2023/10/14,寒露,第2候,紅珠藤,2.5,1,1
25之2,2023/10/14,寒露,第2候,大肚山絡石,2.5,1,3
31,2023/10/14,寒露,第2候,狗花椒,2.5,1,1
26,2023/10/14,寒露,第2候,大青,2,1,1
26之1,2023/10/14,寒露,第2候,狗花椒,2.5,1,3
27,2023/10/14,寒露,第2候,球花嘉賜木,2.5,1,1
28,2023/10/14,寒露,第2候,球花嘉賜木,2.5,1,1
34,2023/10/14,寒露,第2候,狗花椒,2.5,1,1
33,2023/10/14,寒露,第2候,狗花椒,2.5,1,1
29,2023/10/14,寒露,第2候,台灣野茉莉,2,1,1
30,2023/10/14,寒露,第2候,對面花,2.5,1,1
37,2023/10/14,寒露,第2候,裡白巴豆,2.5,2,1
36,2023/10/14,寒露,第2候,朴樹,3,1,2
36之1,2023/10/14,寒露,第2候,大青,2.5,1,1
38之2,2023/10/14,寒露,第2候,扛香藤,2.5,1,1
38之3,2023/10/14,寒露,第2候,苦楝,3,1,2
38,2023/10/14,寒露,第2候,土密,2.5,3,1
40,2023/10/14,寒露,第2候,烏臼,2.5,1.5,1
39,2023/10/14,寒露,第2候,樟樹,3,1,1
35,2023/10/14,寒露,第2候,羊角藤,2.5,1,2
41,2023/10/14,寒露,第2候,構樹,2.5,1,1
42,2023/10/14,寒露,第2候,大肚山絡石,2.5,1,3
32之1,2023/10/14,寒露,第2候,厚殼樹,2.5,2,1
32,2023/10/14,寒露,第2候,毛瓣蝴蝶木,2.5,1,1
43,2023/10/14,寒露,第2候,灰木,2.5,1,1
0,2023/10/29,霜降,第2候,緬梔,2.5,2,1
1,2023/10/29,霜降,第2候,小梗木薑子,2.5,1.5,1
2,2023/10/29,霜降,第2候,相思樹,2.5,1,1
3,2023/10/29,霜降,第2候,降真香,3,2,3
4,2023/10/29,霜降,第2候,球花嘉賜木,3,1,1
5,2023/10/29,霜降,第2候,血桐,2.5,1,1
6,2023/10/29,霜降,第2候,灰木,3,1,1
7,2023/10/29,霜降,第2候,狗骨仔,2.5,1,1
8,2023/10/29,霜降,第2候,狗骨仔,2.5,1,2
9,2023/10/29,霜降,第2候,台灣赤楠,2.5,1,1
10,2023/10/29,霜降,第2候,台灣山桂花,2.5,1,3
11,2023/10/29,霜降,第2候,細葉饅頭果,2.5,3,3
12,2023/10/29,霜降,第2候,球花嘉賜木,2.5,1,1
13,2023/10/29,霜降,第2候,相思樹,2.5,1,1
14,2023/10/29,霜降,第2候,血桐,2.5,1,1
14之1,2023/10/29,霜降,第2候,狗骨仔,2.5,1,3
16,2023/10/29,霜降,第2候,山油麻,2.5,2,2
17,2023/10/29,霜降,第2候,構樹,2.5,1,1
19,2023/10/29,霜降,第2候,白匏子,2.5,1,3
19之1,2023/10/29,霜降,第2候,白匏子,2.5,1,3
20,2023/10/29,霜降,第2候,白匏子,2.5,2,1
21,2023/10/29,霜降,第2候,苦楝,2,1,1
21之1,2023/10/29,霜降,第2候,白毛臭牡丹,3,2,1
15,2023/10/29,霜降,第2候,萬桃花,2.5,2,3
22,2023/10/29,霜降,第2候,狗骨仔,2.5,1,1
22之1,2023/10/29,霜降,第2候,土伏苓,3,1,1
23,2023/10/29,霜降,第2候,降真香,1,1,1
24,2023/10/29,霜降,第2候,小錦蘭,2.5,1,1
25,2023/10/29,霜降,第2候,雙面刺,2.5,1,1
25之2,2023/10/29,霜降,第2候,大肚山絡石,2.5,1,3
31,2023/10/29,霜降,第2候,狗花椒,2.5,1,1
26,2023/10/29,霜降,第2候,大青,2.5,1,1
26之1,2023/10/29,霜降,第2候,狗花椒,2.5,1,3
27,2023/10/29,霜降,第2候,球花嘉賜木,2.5,1.5,1
28,2023/10/29,霜降,第2候,球花嘉賜木,2.5,1.5,1
34,2023/10/29,霜降,第2候,狗花椒,2.5,1,1
33,2023/10/29,霜降,第2候,狗花椒,2.5,1,1
29,2023/10/29,霜降,第2候,台灣野茉莉,2.5,1,1
30,2023/10/29,霜降,第2候,對面花,2.5,1,1
37,2023/10/29,霜降,第2候,裡白巴豆,2.5,2,1
36,2023/10/29,霜降,第2候,朴樹,3,1,1
36之1,2023/10/29,霜降,第2候,大青,2.5,1,1
38之2,2023/10/29,霜降,第2候,扛香藤,2.5,1,1
40,2023/10/29,霜降,第2候,烏臼,2.5,1.5,1
38之3,2023/10/29,霜降,第2候,苦楝,3,1,2
38,2023/10/29,霜降,第2候,土密,2.5,2,2
39,2023/10/29,霜降,第2候,樟樹,2.5,1,1
35,2023/10/29,霜降,第2候,羊角藤,3,1,2
41,2023/10/29,霜降,第2候,構樹,2.5,1,1
42,2023/10/29,霜降,第2候,大肚山絡石,3,1,3
32之1,2023/10/29,霜降,第2候,厚殼樹,2.5,3,2
32,2023/10/29,霜降,第2候,毛瓣蝴蝶木,3,1,1
43,2023/10/29,霜降,第2候,灰木,2.5,1,1
0,2023/11/12,立冬,第1候,緬梔,2.5,2,1
1,2023/11/12,立冬,第1候,小梗木薑子,3,1.5,1
2,2023/11/12,立冬,第1候,相思樹,2.5,1,1
3,2023/11/12,立冬,第1候,降真香,3,1,3
4,2023/11/12,立冬,第1候,球花嘉賜木,2.5,1,1
5,2023/11/12,立冬,第1候,血桐,2.5,1,1
6,2023/11/12,立冬,第1候,灰木,3,1,1
7,2023/11/12,立冬,第1候,狗骨仔,2.5,1,1
8,2023/11/12,立冬,第1候,狗骨仔,2.5,1,1
9,2023/11/12,立冬,第1候,台灣赤楠,2.5,1,1
10,2023/11/12,立冬,第1候,台灣山桂花,2.5,1,3
11,2023/11/12,立冬,第1候,細葉饅頭果,2.5,2,2
12,2023/11/12,立冬,第1候,球花嘉賜木,2.5,1,1
13,2023/11/12,立冬,第1候,相思樹,2.5,1,1
14,2023/11/12,立冬,第1候,血桐,2.5,1,1
14之1,2023/11/12,立冬,第1候,狗骨仔,2.5,1,3
16,2023/11/12,立冬,第1候,山油麻,2.5,2,2
17,2023/11/12,立冬,第1候,構樹,3,1,1
19,2023/11/12,立冬,第1候,白匏子,2.5,1,3
19之1,2023/11/12,立冬,第1候,白匏子,2.5,1,3
20,2023/11/12,立冬,第1候,白匏子,2.5,1,1
21,2023/11/12,立冬,第1候,苦楝,2,1,1
21之1,2023/11/12,立冬,第1候,白毛臭牡丹,2,1,1
15,2023/11/12,立冬,第1候,萬桃花,3,1,3
22,2023/11/12,立冬,第1候,狗骨仔,2.5,1,1
22之1,2023/11/12,立冬,第1候,土伏苓,3,1,1
31,2023/11/12,立冬,第1候,狗花椒,2.5,1,1
26,2023/11/12,立冬,第1候,大青,2.5,1,1
27,2023/11/12,立冬,第1候,球花嘉賜木,2.5,3,1
28,2023/11/12,立冬,第1候,球花嘉賜木,2.5,3,1
26之1,2023/11/12,立冬,第1候,狗花椒,2.5,1,1
34,2023/11/12,立冬,第1候,狗花椒,2.5,1,1
33,2023/11/12,立冬,第1候,狗花椒,2.5,1,1
29,2023/11/12,立冬,第1候,台灣野茉莉,2.5,1,1
30,2023/11/12,立冬,第1候,對面花,3,1,1
37,2023/11/12,立冬,第1候,裡白巴豆,2.5,2,1
36,2023/11/12,立冬,第1候,朴樹,3,1,1
36之1,2023/11/12,立冬,第1候,大青,2.5,1,1
38之2,2023/11/12,立冬,第1候,扛香藤,2.5,1,1
38之3,2023/11/12,立冬,第1候,苦楝,3,1,2
38,2023/11/12,立冬,第1候,土密,3,1,3
39,2023/11/12,立冬,第1候,樟樹,2.5,1,1
38之1,2023/11/12,立冬,第1候,羊角藤,3,1,2
32之1,2023/11/12,立冬,第1候,厚殼樹,2.5,2,2
32,2023/11/12,立冬,第1候,毛瓣蝴蝶木,3,1,1
43,2023/11/12,立冬,第1候,灰木,2.5,1,1
0,2023/11/25,小雪,第1候,緬梔,2.5,2,1
1,2023/11/25,小雪,第1候,小梗木薑子,3,2,1
2,2023/11/25,小雪,第1候,相思樹,2.5,1,1
3,2023/11/25,小雪,第1候,降真香,3,1,3
4,2023/11/25,小雪,第1候,球花嘉賜木,3,1,1
5,2023/11/25,小雪,第1候,血桐,2.5,1,1
6,2023/11/25,小雪,第1候,灰木,2.5,1,1
7,2023/11/25,小雪,第1候,狗骨仔,2.5,1,1
8,2023/11/25,小雪,第1候,狗骨仔,2.5,1,1
9,2023/11/25,小雪,第1候,台灣赤楠,2.5,1,1
10,2023/11/25,小雪,第1候,台灣山桂花,2.5,1,3
11,2023/11/25,小雪,第1候,細葉饅頭果,2.5,2,2
12,2023/11/25,小雪,第1候,球花嘉賜木,2.5,1,1
13,2023/11/25,小雪,第1候,相思樹,2.5,1,1
14,2023/11/25,小雪,第1候,血桐,2.5,1,1
14之1,2023/11/25,小雪,第1候,狗骨仔,3,1,3
16,2023/11/25,小雪,第1候,山油麻,2.5,1,2
17,2023/11/25,小雪,第1候,構樹,2.5,1,1
18,2023/11/25,小雪,第1候,白毛臭牡丹,2.5,1,1
19,2023/11/25,小雪,第1候,白匏子,2.5,1,3
19之1,2023/11/25,小雪,第1候,白匏子,2.5,1,3
20,2023/11/25,小雪,第1候,白匏子,2.5,1,1
21,2023/11/25,小雪,第1候,苦楝,3,1,1
21之1,2023/11/25,小雪,第1候,白毛臭牡丹,3,1,1
15,2023/11/25,小雪,第1候,萬桃花,2.5,1,3
22,2023/11/25,小雪,第1候,狗骨仔,2.5,1.5,1
22之1,2023/11/25,小雪,第1候,土伏苓,3,1,1
31,2023/11/25,小雪,第1候,狗花椒,2.5,1,1
26之1,2023/11/25,小雪,第1候,狗花椒,2.5,1,1
26,2023/11/25,小雪,第1候,大青,2.5,1,1
28,2023/11/25,小雪,第1候,球花嘉賜木,2.5,2,3
27,2023/11/25,小雪,第1候,球花嘉賜木,2.5,1.5,1
34,2023/11/25,小雪,第1候,狗花椒,2.5,1,1
33,2023/11/25,小雪,第1候,狗花椒,2.5,1,1
29,2023/11/25,小雪,第1候,台灣野茉莉,2.5,1,1
30,2023/11/25,小雪,第1候,對面花,3,1,1
37,2023/11/25,小雪,第1候,裡白巴豆,2.5,1,1
36,2023/11/25,小雪,第1候,朴樹,3,1,1
36之1,2023/11/25,小雪,第1候,大青,2.5,1,1
38之2,2023/11/25,小雪,第1候,扛香藤,2.5,1,1
40,2023/11/25,小雪,第1候,烏臼,2.5,1.5,2
38之3,2023/11/25,小雪,第1候,苦楝,3,1,2
38,2023/11/25,小雪,第1候,土密,2.5,1,3
39,2023/11/25,小雪,第1候,樟樹,3,1,1
35,2023/11/25,小雪,第1候,羊角藤,3,1,2
32之1,2023/11/25,小雪,第1候,厚殼樹,2.5,2,2
32,2023/11/25,小雪,第1候,毛瓣蝴蝶木,3,1,1
43,2023/11/25,小雪,第1候,灰木,2.5,1,1
0,2023/12/02,小雪,第3候,緬梔,2.5,2,1
1,2023/12/02,小雪,第3候,小梗木薑子,3,1,2
3,2023/12/02,小雪,第3候,降真香,3,1,3
5,2023/12/02,小雪,第3候,血桐,2.5,1,1
4,2023/12/02,小雪,第3候,球花嘉賜木,3,1,1
6,2023/12/02,小雪,第3候,灰木,3,1,1
7,2023/12/02,小雪,第3候,狗骨仔,2.5,1,1
8,2023/12/02,小雪,第3候,狗骨仔,2.5,1,2
9,2023/12/02,小雪,第3候,台灣赤楠,2.5,1,1
10,2023/12/02,小雪,第3候,台灣山桂花,2.5,1,3
11,2023/12/02,小雪,第3候,細葉饅頭果,2.5,2,2
12,2023/12/02,小雪,第3候,球花嘉賜木,3,3,1
13,2023/12/02,小雪,第3候,相思樹,2.5,1,1
14,2023/12/02,小雪,第3候,血桐,2.5,1,1
14之1,2023/12/02,小雪,第3候,狗骨仔,2.5,1,3
16,2023/12/02,小雪,第3候,山油麻,2.5,1,2
17,2023/12/02,小雪,第3候,構樹,2.5,1,1
19,2023/12/02,小雪,第3候,白匏子,2.5,1,3
18,2023/12/02,小雪,第3候,白毛臭牡丹,2.5,1,1
19之1,2023/12/02,小雪,第3候,白匏子,2.5,1,3
20,2023/12/02,小雪,第3候,白匏子,2.5,1,1
21,2023/12/02,小雪,第3候,苦楝,2,1,1
21之1,2023/12/02,小雪,第3候,白毛臭牡丹,2.5,1,2
15,2023/12/02,小雪,第3候,萬桃花,2.5,1,3
22,2023/12/02,小雪,第3候,狗骨仔,2.5,1,1
22之1,2023/12/02,小雪,第3候,土伏苓,3,1,1
31,2023/12/02,小雪,第3候,狗花椒,2.5,1,1
26,2023/12/02,小雪,第3候,大青,3,1,1
26之1,2023/12/02,小雪,第3候,狗花椒,2.5,1,1
27,2023/12/02,小雪,第3候,球花嘉賜木,2.5,3,1
28,2023/12/02,小雪,第3候,球花嘉賜木,2.5,1,3
34,2023/12/02,小雪,第3候,狗花椒,2.5,1,1
33,2023/12/02,小雪,第3候,狗花椒,2.5,1,1
29,2023/12/02,小雪,第3候,台灣野茉莉,2.5,1,1
30,2023/12/02,小雪,第3候,對面花,3,1,1
37,2023/12/02,小雪,第3候,裡白巴豆,2.5,1,1
36,2023/12/02,小雪,第3候,朴樹,3,1,1
36之1,2023/12/02,小雪,第3候,大青,3,1,1
38之2,2023/12/02,小雪,第3候,扛香藤,2.5,1,1
40,2023/12/02,小雪,第3候,烏臼,2.5,2,2
38之3,2023/12/02,小雪,第3候,苦楝,3,1,2
38,2023/12/02,小雪,第3候,土密,3,1,3
39,2023/12/02,小雪,第3候,樟樹,2,1,1
35,2023/12/02,小雪,第3候,羊角藤,3,1,2
41,2023/12/02,小雪,第3候,構樹,3,1,1
32之1,2023/12/02,小雪,第3候,厚殼樹,2.5,1,2
32,2023/12/02,小雪,第3候,毛瓣蝴蝶木,3,1,1
43,2023/12/02,小雪,第3候,灰木,2.5,2,1
0,2023/12/16,大雪,第2候,緬梔,2.5,1,1
1,2023/12/16,大雪,第2候,小梗木薑子,3,1,2
2,2023/12/16,大雪,第2候,相思樹,2.5,1,1
3,2023/12/16,大雪,第2候,降真香,3,1,3
5,2023/12/16,大雪,第2候,血桐,2.5,1,1
4,2023/12/16,大雪,第2候,球花嘉賜木,3,1.5,1
6,2023/12/16,大雪,第2候,灰木,3,1,1
7,2023/12/16,大雪,第2候,狗骨仔,2.5,1,1
8,2023/12/16,大雪,第2候,狗骨仔,2.5,1,2
9,2023/12/16,大雪,第2候,台灣赤楠,2.5,1,1
10,2023/12/16,大雪,第2候,台灣山桂花,2.5,1,3
11,2023/12/16,大雪,第2候,細葉饅頭果,3,1,1
12,2023/12/16,大雪,第2候,球花嘉賜木,3,3,1
13,2023/12/16,大雪,第2候,相思樹,2.5,1,1
14之1,2023/12/16,大雪,第2候,狗骨仔,2.5,1,3
14,2023/12/16,大雪,第2候,血桐,2.5,1,1
16,2023/12/16,大雪,第2候,山油麻,2.5,1,1
17,2023/12/16,大雪,第2候,構樹,2.5,1,1
18,2023/12/16,大雪,第2候,白毛臭牡丹,2.5,1,1
19,2023/12/16,大雪,第2候,白匏子,2.5,1,3
19之1,2023/12/16,大雪,第2候,白匏子,2.5,1,3
20,2023/12/16,大雪,第2候,白匏子,2.5,1,1
21,2023/12/16,大雪,第2候,苦楝,2,1,1
21之1,2023/12/16,大雪,第2候,白毛臭牡丹,2,1,2
15,2023/12/16,大雪,第2候,萬桃花,2.5,1,3
22,2023/12/16,大雪,第2候,狗骨仔,2.5,1,1
22之1,2023/12/16,大雪,第2候,土伏苓,3,1,1
31,2023/12/16,大雪,第2候,狗花椒,2.5,1,1
26,2023/12/16,大雪,第2候,大青,2.5,1,1
27,2023/12/16,大雪,第2候,球花嘉賜木,3,3,1
28,2023/12/16,大雪,第2候,球花嘉賜木,3,3,3
26之1,2023/12/16,大雪,第2候,狗花椒,2.5,1,1
34,2023/12/16,大雪,第2候,狗花椒,3,1,1
33,2023/12/16,大雪,第2候,狗花椒,3,1,1
29,2023/12/16,大雪,第2候,台灣野茉莉,2,1,1
30,2023/12/16,大雪,第2候,對面花,3,1,1
37,2023/12/16,大雪,第2候,裡白巴豆,3,1,1
36,2023/12/16,大雪,第2候,朴樹,3,1,1
36之1,2023/12/16,大雪,第2候,大青,2,1,1
38之2,2023/12/16,大雪,第2候,扛香藤,3,1,1
40,2023/12/16,大雪,第2候,烏臼,3,2,2
38之3,2023/12/16,大雪,第2候,苦楝,2,1,2
38,2023/12/16,大雪,第2候,土密,3,1,3
39,2023/12/16,大雪,第2候,樟樹,2.5,1,1
41,2023/12/16,大雪,第2候,構樹,3,1,1
32之1,2023/12/16,大雪,第2候,厚殼樹,2,1,2
32,2023/12/16,大雪,第2候,毛瓣蝴蝶木,3,1,1
43,2023/12/16,大雪,第2候,灰木,2.5,1,1
0,2023/12/30,冬至,第2候,緬梔,2.5,1,1
1,2023/12/30,冬至,第2候,小梗木薑子,3,1,3
2,2023/12/30,冬至,第2候,相思樹,2.5,1,1
3,2023/12/30,冬至,第2候,降真香,3,1.5,2
5,2023/12/30,冬至,第2候,血桐,2.5,1,1
4,2023/12/30,冬至,第2候,球花嘉賜木,3,3,1
6,2023/12/30,冬至,第2候,灰木,2.5,1,1
7,2023/12/30,冬至,第2候,狗骨仔,3,1,1
8,2023/12/30,冬至,第2候,狗骨仔,2.5,1,1
9,2023/12/30,冬至,第2候,台灣赤楠,2.5,1,1
10,2023/12/30,冬至,第2候,台灣山桂花,2.5,1,3
11,2023/12/30,冬至,第2候,細葉饅頭果,3,1,2
12,2023/12/30,冬至,第2候,球花嘉賜木,3,3,1
13,2023/12/30,冬至,第2候,相思樹,2.5,1,1
14,2023/12/30,冬至,第2候,血桐,2.5,1,1
14之1,2023/12/30,冬至,第2候,狗骨仔,2.5,1,3
16,2023/12/30,冬至,第2候,山油麻,2.5,1.5,1
17,2023/12/30,冬至,第2候,構樹,3,1,1
18,2023/12/30,冬至,第2候,白毛臭牡丹,2.5,1,1
19,2023/12/30,冬至,第2候,白匏子,3,1,3
19之1,2023/12/30,冬至,第2候,白匏子,3,1,3
20,2023/12/30,冬至,第2候,白匏子,3,1,1
21,2023/12/30,冬至,第2候,苦楝,1,1,1
15,2023/12/30,冬至,第2候,萬桃花,2.5,1,3
21之1,2023/12/30,冬至,第2候,白毛臭牡丹,2.5,1,2
22,2023/12/30,冬至,第2候,狗骨仔,2.5,1.5,1
22之1,2023/12/30,冬至,第2候,土伏苓,3,1,1
31,2023/12/30,冬至,第2候,狗花椒,2.5,1,1
26,2023/12/30,冬至,第2候,大青,2,1,1
26之1,2023/12/30,冬至,第2候,狗花椒,2.5,1,1
27,2023/12/30,冬至,第2候,球花嘉賜木,2.5,3,1
28,2023/12/30,冬至,第2候,球花嘉賜木,2.5,3,3
34,2023/12/30,冬至,第2候,狗花椒,2.5,1,1
33,2023/12/30,冬至,第2候,狗花椒,3,1,1
29,2023/12/30,冬至,第2候,台灣野茉莉,2.5,1,1
30,2023/12/30,冬至,第2候,對面花,3,1,1
37,2023/12/30,冬至,第2候,裡白巴豆,3,1,1
36,2023/12/30,冬至,第2候,朴樹,3,1,1
36之1,2023/12/30,冬至,第2候,大青,3,1,1
38之2,2023/12/30,冬至,第2候,扛香藤,2.5,1,1
40,2023/12/30,冬至,第2候,烏臼,3,1,3
38之3,2023/12/30,冬至,第2候,苦楝,3,1,2
38,2023/12/30,冬至,第2候,土密,3,1,2
39,2023/12/30,冬至,第2候,樟樹,2.5,1,1
35,2023/12/30,冬至,第2候,羊角藤,3,1,2
32之1,2023/12/30,冬至,第2候,厚殼樹,3,1,2
32,2023/12/30,冬至,第2候,毛瓣蝴蝶木,2.5,1,1
43,2023/12/30,冬至,第2候,灰木,2.5,1,1
0,2024/01/14,小寒,第2候,緬梔,2.5,1,1
1,2024/01/14,小寒,第2候,小梗木薑子,3,1,2
2,2024/01/14,小寒,第2候,相思樹,2.5,1,1
3,2024/01/14,小寒,第2候,降真香,3,1,2
4,2024/01/14,小寒,第2候,球花嘉賜木,3,1,2
5,2024/01/14,小寒,第2候,血桐,2.5,1,1
6,2024/01/14,小寒,第2候,灰木,3,1,1
7,2024/01/14,小寒,第2候,狗骨仔,3,1,1
8,2024/01/14,小寒,第2候,狗骨仔,2.5,1,2
9,2024/01/14,小寒,第2候,台灣赤楠,2.5,1,1
10,2024/01/14,小寒,第2候,台灣山桂花,2.5,1.5,3
11,2024/01/14,小寒,第2候,細葉饅頭果,3,1,2
12,2024/01/14,小寒,第2候,球花嘉賜木,3,2,1
14,2024/01/14,小寒,第2候,血桐,2.5,1,1
14之1,2024/01/14,小寒,第2候,狗骨仔,2.5,1,3
16,2024/01/14,小寒,第2候,山油麻,2.5,1,1
17,2024/01/14,小寒,第2候,構樹,3,1,1
18,2024/01/14,小寒,第2候,白毛臭牡丹,2.5,1,1
19,2024/01/14,小寒,第2候,白匏子,3,1,3
19之1,2024/01/14,小寒,第2候,白匏子,3,1,3
20,2024/01/14,小寒,第2候,白匏子,3,1,1
21,2024/01/14,小寒,第2候,苦楝,1,1,1
21之1,2024/01/14,小寒,第2候,白毛臭牡丹,2.5,2,2
15,2024/01/14,小寒,第2候,萬桃花,2.5,1,3
22,2024/01/14,小寒,第2候,狗骨仔,2.5,1,1
22之1,2024/01/14,小寒,第2候,土伏苓,3,1,1
26,2024/01/14,小寒,第2候,大青,3,1,1
26之1,2024/01/14,小寒,第2候,狗花椒,2.5,1,1
27,2024/01/14,小寒,第2候,球花嘉賜木,3,2,1
28,2024/01/14,小寒,第2候,球花嘉賜木,3,2,3
34,2024/01/14,小寒,第2候,狗花椒,3,1,1
31,2024/01/14,小寒,第2候,狗花椒,3,1,1
33,2024/01/14,小寒,第2候,狗花椒,3,1,1
29,2024/01/14,小寒,第2候,台灣野茉莉,2.5,1,1
30,2024/01/14,小寒,第2候,對面花,3,1,1
37,2024/01/14,小寒,第2候,裡白巴豆,2.5,2,1
38之2,2024/01/14,小寒,第2候,扛香藤,2.5,1,1
40,2024/01/14,小寒,第2候,烏臼,2.5,1,2
38之3,2024/01/14,小寒,第2候,苦楝,3,1,2
38,2024/01/14,小寒,第2候,土密,3,1,2
39,2024/01/14,小寒,第2候,樟樹,2.5,1,1
35,2024/01/14,小寒,第2候,羊角藤,3,1,2
41,2024/01/14,小寒,第2候,構樹,3,1,1
32之1,2024/01/14,小寒,第2候,厚殼樹,2.5,1,2
32,2024/01/14,小寒,第2候,毛瓣蝴蝶木,3,1,1
43,2024/01/14,小寒,第2候,灰木,2.5,1,1
43,2024/01/27,大寒,第2候,灰木,2.5,1,1
32之1,2024/01/27,大寒,第2候,厚殼樹,1,1,1
32,2024/01/27,大寒,第2候,毛瓣蝴蝶木,2.5,1,1
0,2024/01/27,大寒,第2候,緬梔,2.5,1,1
1,2024/01/27,大寒,第2候,小梗木薑子,2.5,1,2
2,2024/01/27,大寒,第2候,相思樹,2.5,1,1
3,2024/01/27,大寒,第2候,降真香,2.5,1,2
5,2024/01/27,大寒,第2候,血桐,2.5,1,1
4,2024/01/27,大寒,第2候,球花嘉賜木,3,2,1
6,2024/01/27,大寒,第2候,灰木,1,1,1
7,2024/01/27,大寒,第2候,狗骨仔,3,1,1
8,2024/01/27,大寒,第2候,狗骨仔,3,1,2
9,2024/01/27,大寒,第2候,台灣赤楠,2.5,1,1
10,2024/01/27,大寒,第2候,台灣山桂花,2.5,1.5,3
11,2024/01/27,大寒,第2候,細葉饅頭果,2.5,1,1
12,2024/01/27,大寒,第2候,球花嘉賜木,2.5,2,1
13,2024/01/27,大寒,第2候,相思樹,2.5,1,1
14,2024/01/27,大寒,第2候,血桐,2.5,1,1
14之1,2024/01/27,大寒,第2候,狗骨仔,2.5,1,3
16,2024/01/27,大寒,第2候,山油麻,2.5,1,1
17,2024/01/27,大寒,第2候,構樹,3,1,1
19,2024/01/27,大寒,第2候,白匏子,2.5,1,3
18,2024/01/27,大寒,第2候,白毛臭牡丹,2.5,1,1
21,2024/01/27,大寒,第2候,苦楝,1,1,1
21之1,2024/01/27,大寒,第2候,白毛臭牡丹,2.5,2,1
15,2024/01/27,大寒,第2候,萬桃花,2.5,1,3
22,2024/01/27,大寒,第2候,狗骨仔,2.5,1,1
22之1,2024/01/27,大寒,第2候,土伏苓,3,1,1
31,2024/01/27,大寒,第2候,狗花椒,3,1,1
26,2024/01/27,大寒,第2候,大青,2.5,1,1
26之1,2024/01/27,大寒,第2候,狗花椒,2.5,1,1
27,2024/01/27,大寒,第2候,球花嘉賜木,2.5,1,1
28,2024/01/27,大寒,第2候,球花嘉賜木,2.5,1,3
34,2024/01/27,大寒,第2候,狗花椒,2.5,1,1
33,2024/01/27,大寒,第2候,狗花椒,3,1,1
29,2024/01/27,大寒,第2候,台灣野茉莉,2.5,1,1
35,2024/01/27,大寒,第2候,羊角藤,1,1,2
30,2024/01/27,大寒,第2候,對面花,2.5,1,1
37,2024/01/27,大寒,第2候,裡白巴豆,2.5,1,1
36,2024/01/27,大寒,第2候,朴樹,3,1,1
36之1,2024/01/27,大寒,第2候,大青,3,1,1
40,2024/01/27,大寒,第2候,烏臼,3,1,3
38之2,2024/01/27,大寒,第2候,扛香藤,3,1,1
38之3,2024/01/27,大寒,第2候,苦楝,3,1,1
38,2024/01/27,大寒,第2候,土密,3,1,2
39,2024/01/27,大寒,第2候,樟樹,2.5,1.5,1
